id,type,no,en,jp,cat,rank,example_en,example_jp
1,word,0001,go,行く,verb,A,I go to school by bus.,私はバスで学校に行きます。
2,word,0002,get,得る、手に入れる,verb,A,I got a new notebook yesterday.,私は昨日、新しいノートを手に入れました。
3,word,0003,take,（手に）取る、持っていく,verb,A,Please take your umbrella.,傘を持っていってください。
4,word,0004,make,作る、～を…にする,verb,A,We made pancakes for breakfast.,私たちは朝食にパンケーキを作りました。
5,word,0005,buy,買う,verb,A,I bought a present for my sister.,私は妹にプレゼントを買いました。
6,word,0006,see,見る、会う,verb,A,I saw my friend at the station.,私は駅で友達に会いました。
7,word,0007,look,見る、～に見える,verb,A,Look at this picture.,この写真を見てください。
8,word,0008,call,呼ぶ、電話する,verb,A,I will call you after dinner.,夕食後にあなたに電話します。
9,word,0009,give,与える,verb,A,She gave me a nice card.,彼女は私にすてきなカードをくれました。
10,word,0010,work,働く,verb,A,My father works at a hospital.,私の父は病院で働いています。
11,word,0011,let,～させる,verb,A,Let me help you.,私に手伝わせてください。
12,word,0012,need,必要とする,verb,A,We need more time.,私たちはもっと時間が必要です。
13,word,0013,find,見つける,verb,A,I found my key under the desk.,私は机の下で鍵を見つけました。
14,word,0014,say,言う,verb,A,Please say your name slowly.,名前をゆっくり言ってください。
15,word,0015,watch,（じっと）見る,verb,A,We watched a soccer game.,私たちはサッカーの試合を見ました。
16,word,0016,leave,去る、出発する、置いていく,verb,A,I left home at seven.,私は7時に家を出ました。
17,word,0017,tell,話す、言う,verb,A,Please tell me the answer.,私に答えを教えてください。
18,word,0018,become,～になる,verb,A,She wants to become a doctor.,彼女は医者になりたがっています。
19,word,0019,learn,習い覚える,verb,A,I am learning English now.,私は今、英語を学んでいます。
20,word,0020,finish,終える、終わる,verb,A,I finished my homework early.,私は早く宿題を終えました。
21,word,0021,sell,売る,verb,A,This shop sells books and magazines.,この店は本と雑誌を売っています。
22,word,0022,clean,そうじする,verb,A,I clean my room every Saturday.,私は毎週土曜日に部屋をそうじします。
23,word,0023,hope,望む,verb,A,I hope you feel better soon.,早く元気になるといいですね。
24,word,0024,practice,練習する,verb,A,We practice tennis after school.,私たちは放課後テニスを練習します。
25,word,0025,show,見せる,verb,A,Please show me your ticket.,チケットを見せてください。
26,word,0026,ride,乗る,verb,A,I ride my bike to the park.,私は自転車で公園へ行きます。
27,word,0027,swim,泳ぐ,verb,A,They swim in the pool every Sunday.,彼らは毎週日曜日にプールで泳ぎます。
28,word,0028,try,やってみる、試す,verb,A,I want to try this cake.,私はこのケーキを食べてみたいです。
29,word,0029,grow,成長する、育てる,verb,A,These flowers grow well here.,これらの花はここでよく育ちます。
30,word,0030,put,置く,verb,A,Put your bag on the chair.,かばんをいすの上に置いてください。
31,word,0031,enjoy,楽しむ,verb,A,We enjoyed the school festival.,私たちは学校祭を楽しみました。
32,word,0032,stay,滞在する,verb,A,We stayed in Kyoto for two days.,私たちは京都に2日間滞在しました。
33,word,0033,rain,雨が降る,verb,A,It may rain this evening.,今晩は雨が降るかもしれません。
34,word,0034,win,勝つ,verb,A,Our team won the game.,私たちのチームは試合に勝ちました。
35,word,0035,break,壊す、割る,verb,A,Be careful not to break the glass.,そのコップを割らないように気をつけてください。
36,word,0036,close,閉める、閉じる,verb,A,Please close the window.,窓を閉めてください。
37,word,0037,move,引っ越す、動かす,verb,A,We moved the table together.,私たちは一緒にテーブルを動かしました。
38,word,0038,open,開ける、開く,verb,A,Please open the door.,ドアを開けてください。
39,word,0039,build,建てる,verb,A,They built a new school here.,彼らはここに新しい学校を建てました。
40,word,0040,bring,持ってくる、連れてくる,verb,A,Please bring your textbook tomorrow.,明日、教科書を持ってきてください。
41,word,0041,run,走る,verb,A,He runs in the park every morning.,彼は毎朝公園を走ります。
42,word,0042,wear,身につけている,verb,A,She is wearing a blue jacket.,彼女は青いジャケットを着ています。
43,word,0043,excuse,許す,verb,A,Please excuse me for being late.,遅れてすみません。
44,word,0044,hear,聞く、聞こえる,verb,A,I heard a strange sound outside.,私は外で変な音を聞きました。
45,word,0045,begin,始める、始まる,verb,A,The class begins at nine.,授業は9時に始まります。
46,word,0046,wait,待つ,verb,A,Please wait here for a minute.,ここで少し待ってください。
47,word,0047,lose,失う、負ける,verb,A,I lost my wallet yesterday.,私は昨日財布をなくしました。
48,word,0048,send,送る,verb,A,I will send you an e-mail tonight.,今夜あなたにメールを送ります。
49,word,0049,borrow,借りる,verb,A,Can I borrow your pen?,あなたのペンを借りてもいいですか。
50,word,0050,worry,心配させる、心配する,verb,A,Don't worry about the test.,テストのことを心配しないでください。
51,word,0051,drive,運転する、車で行く,verb,A,My mother drives to work every day.,私の母は毎日車で仕事に行きます。
52,word,0052,decide,決める,verb,A,We decided to go by train.,私たちは電車で行くことに決めました。
53,word,0053,turn,曲がる,verb,A,Turn right at the next corner.,次の角を右に曲がってください。
54,word,0054,forget,忘れる,verb,A,Don't forget your homework.,宿題を忘れないでください。
55,word,0055,wash,洗う,verb,A,I wash my hands before lunch.,私は昼食前に手を洗います。
56,word,0056,happen,起こる,verb,A,What happened after school?,放課後、何が起こったのですか。
57,word,0057,join,加わる、参加する,verb,A,I joined the basketball team.,私はバスケットボール部に入りました。
58,word,0058,keep,保つ、飼う,verb,A,Please keep the door closed.,ドアを閉めたままにしてください。
59,word,0059,speak,話す,verb,A,Can you speak English?,あなたは英語を話せますか。
60,word,0060,change,変える、乗りかえる,verb,A,I changed my plan.,私は予定を変えました。
61,word,0061,order,注文する,verb,A,We ordered two pizzas.,私たちはピザを2枚注文しました。
62,word,0062,pick,つむ、選ぶ,verb,A,She picked some flowers.,彼女は花をいくつか摘みました。
63,word,0063,catch,つかまえる,verb,A,He caught the ball.,彼はボールをつかまえました。
64,word,0064,check,調べる、確認する,verb,A,Please check your answer.,答えを確認してください。
65,word,0065,hold,開催する、手に持つ,verb,A,She held the box with both hands.,彼女は両手で箱を持ちました。
66,word,0066,introduce,紹介する、導入する,verb,A,I introduced Ken to my friend.,私はケンを友達に紹介しました。
67,word,0067,feel,感じる,verb,A,I feel happy today.,私は今日幸せに感じます。
68,word,0068,save,救う、節約する,verb,A,We should save water.,私たちは水を節約すべきです。
69,word,0069,spend,（金を）使う、（時間を）過ごす,verb,A,I spent two hours at the library.,私は図書館で2時間過ごしました。
70,word,0070,snow,雪が降る,verb,A,It snowed a lot last night.,昨夜は雪がたくさん降りました。
71,word,0071,lend,貸す,verb,A,Can you lend me your pencil?,鉛筆を貸してくれますか。
72,word,0072,stop,止める、止まる,verb,A,The bus stopped in front of the station.,バスは駅の前で止まりました。
73,word,0073,draw,（絵や図を）描く、（線を）引く,verb,A,She drew a picture of her cat.,彼女は自分の猫の絵を描きました。
74,word,0074,jog,ジョギングをする,verb,A,I jog in the park on Sundays.,私は日曜日に公園でジョギングをします。
75,word,0075,pass,手渡す、合格する,verb,A,Please pass me the salt.,塩を取ってください。
76,word,0076,pay,支払う,verb,A,I paid five dollars for the book.,私はその本に5ドル払いました。
77,word,0077,remember,覚えている、思い出す,verb,A,I remember our trip to Osaka.,私は大阪旅行のことを覚えています。
78,word,0078,miss,のがす、いなくてさびしく思う,verb,A,I missed the last bus.,私は最終バスに乗り遅れました。
79,word,0079,bake,（オーブンなどで）焼く,verb,A,We baked cookies together.,私たちは一緒にクッキーを焼きました。
80,word,0080,hurt,傷つける、痛む,verb,A,My right leg hurts.,右足が痛みます。
81,word,0081,invite,招待する,verb,A,I invited Amy to my party.,私はエイミーをパーティーに招待しました。
82,word,0082,paint,（絵の具で）描く、ペンキを塗る,verb,A,He painted a picture of the sea.,彼は海の絵を描きました。
83,word,0083,wake,目を覚ます、起こす,verb,A,My mother woke me at six.,母は6時に私を起こしました。
84,word,0084,choose,選ぶ,verb,A,Please choose one color.,色を1つ選んでください。
85,word,0085,collect,集める,verb,A,He collects old stamps.,彼は古い切手を集めています。
86,word,0086,contact,連絡する,verb,A,Please contact me after school.,放課後、私に連絡してください。
87,word,0087,cost,（人に）（費用が）かかる,verb,A,This bag costs thirty dollars.,このかばんは30ドルします。
88,word,0088,climb,登る,verb,A,We climbed the mountain last summer.,私たちは去年の夏、その山に登りました。
89,word,0089,hurry,急ぐ、急いで行く,verb,A,"Hurry, or you will miss the bus.",急いで、そうしないとバスに乗り遅れます。
90,word,0090,receive,受け取る,verb,A,I received a letter from my friend.,私は友達から手紙を受け取りました。
91,word,0091,return,戻る、返す,verb,A,Please return the book tomorrow.,明日その本を返してください。
92,word,0092,sleep,眠る,verb,A,I slept for eight hours.,私は8時間眠りました。
93,word,0093,steal,盗む,verb,A,Someone stole my bicycle.,だれかが私の自転車を盗みました。
94,word,0094,food,食べ物,noun,A,Japanese food is popular here.,ここでは日本食が人気です。
95,word,0095,restaurant,レストラン,noun,A,We had dinner at a small restaurant.,私たちは小さなレストランで夕食を食べました。
96,word,0096,festival,祭り,noun,A,Our town has a summer festival.,私たちの町には夏祭りがあります。
97,word,0097,trip,旅行,noun,A,We had a great trip to Hokkaido.,私たちは北海道へのすばらしい旅行をしました。
98,word,0098,child,子ども,noun,A,The child is playing in the park.,その子どもは公園で遊んでいます。
99,word,0099,England,イングランド,noun,A,My uncle lives in England.,私のおじはイングランドに住んでいます。
100,word,0100,date,日付,noun,A,Please write the date here.,ここに日付を書いてください。
101,word,0101,parent,親,noun,A,My parent came to school today.,私の親は今日学校に来ました。
102,word,0102,contest,コンテスト,noun,A,She won the speech contest.,彼女はスピーチコンテストで優勝しました。
103,word,0103,subject,教科・科目,noun,A,English is my favorite subject.,英語は私の好きな教科です。
104,word,0104,ticket,切符・チケット,noun,A,I bought a train ticket.,私は電車の切符を買いました。
105,word,0105,money,お金,noun,A,I saved some money.,私はお金を少し貯めました。
106,word,0106,office,事務所・オフィス,noun,A,My father is at the office.,私の父は会社にいます。
107,word,0107,animal,動物,noun,A,The panda is a popular animal.,パンダは人気のある動物です。
108,word,0108,fun,楽しみ・おもしろいこと,noun,A,We had fun at the park.,私たちは公園で楽しく過ごしました。
109,word,0109,lesson,授業・レッスン,noun,A,I have a piano lesson today.,私は今日ピアノのレッスンがあります。
110,word,0110,minute,分,noun,A,Wait for five minutes.,5分待ってください。
111,word,0111,concert,コンサート,noun,A,We went to a concert yesterday.,私たちは昨日コンサートに行きました。
112,word,0112,plan,計画・計画する,noun,A,We made a plan for Sunday.,私たちは日曜日の計画を立てました。
113,word,0113,station,駅,noun,A,I met Ken at the station.,私は駅でケンに会いました。
114,word,0114,fish,魚・釣りをする,noun,A,There are many fish in the river.,川にはたくさんの魚がいます。
115,word,0115,meeting,会合・会議,noun,A,The meeting starts at three.,会議は3時に始まります。
116,word,0116,sport,スポーツ,noun,A,Soccer is my favorite sport.,サッカーは私の好きなスポーツです。
117,word,0117,place,場所,noun,A,This is a quiet place.,ここは静かな場所です。
118,word,0118,vacation,休暇,noun,A,We visited Okinawa during our vacation.,私たちは休暇中に沖縄を訪れました。
119,word,0119,museum,博物館・美術館,noun,A,We visited the science museum.,私たちは科学博物館を訪れました。
120,word,0120,science,理科・科学,noun,A,I like science very much.,私は理科がとても好きです。
121,word,0121,travel,旅行・旅行する,noun,A,Travel is a good way to learn.,旅行は学ぶよい方法です。
122,word,0122,dollar,ドル,noun,A,This pen is two dollars.,このペンは2ドルです。
123,word,0123,problem,問題,noun,A,I can solve this problem.,私はこの問題を解けます。
124,word,0124,sound,音・～に聞こえる,noun,A,I heard a strange sound.,私は変な音を聞きました。
125,word,0125,beach,浜辺,noun,A,We played on the beach.,私たちは浜辺で遊びました。
126,word,0126,rose,バラ,noun,A,This rose is beautiful.,このバラはきれいです。
127,word,0127,London,ロンドン,noun,A,My aunt lives in London.,私のおばはロンドンに住んでいます。
128,word,0128,art,芸術・美術,noun,A,We studied art at school.,私たちは学校で美術を勉強しました。
129,word,0129,job,仕事,noun,A,My brother found a new job.,私の兄は新しい仕事を見つけました。
130,word,0130,way,道・方法,noun,A,Do you know the way to the station?,駅への道を知っていますか。
131,word,0131,breakfast,朝食,noun,A,I ate bread for breakfast.,私は朝食にパンを食べました。
132,word,0132,weather,天気,noun,A,The weather is nice today.,今日は天気がいいです。
133,word,0133,grandmother,祖母,noun,A,My grandmother lives in Fukuoka.,私の祖母は福岡に住んでいます。
134,word,0134,present,贈り物・プレゼント,noun,A,This is a present for you.,これはあなたへのプレゼントです。
135,word,0135,floor,床・階,noun,A,My room is on the second floor.,私の部屋は2階にあります。
136,word,0136,country,国,noun,A,Japan is an island country.,日本は島国です。
137,word,0137,e-mail,電子メール・電子メールを送る,noun,A,I sent an e-mail to my friend.,私は友達に電子メールを送りました。
138,word,0138,history,歴史,noun,A,We learned Japanese history.,私たちは日本の歴史を学びました。
139,word,0139,life,生活・人生・命,noun,A,School life is sometimes busy.,学校生活はときどき忙しいです。
140,word,0140,street,通り,noun,A,There is a bank on this street.,この通りには銀行があります。
141,word,0141,thing,もの・こと,noun,A,I have many things to do.,私にはすることがたくさんあります。
142,word,0142,area,地域,noun,A,This area is famous for apples.,この地域はリンゴで有名です。
143,word,0143,computer,コンピューター,noun,A,I use a computer at school.,私は学校でコンピューターを使います。
144,word,0144,glass,コップ・ガラス,noun,A,Please give me a glass of water.,水を1杯ください。
145,word,0145,speech,演説・スピーチ,noun,A,He gave a short speech.,彼は短いスピーチをしました。
146,word,0146,writer,作家・書き手,noun,A,She wants to be a writer.,彼女は作家になりたがっています。
147,word,0147,grandparent,祖父母の1人,noun,A,One of my grandparents lives nearby.,祖父母の1人が近くに住んでいます。
148,word,0148,report,レポート・報告,noun,A,I wrote a report about animals.,私は動物についてレポートを書きました。
149,word,0149,town,町,noun,A,This town is very old.,この町はとても古いです。
150,word,0150,ice,氷,noun,A,Please put some ice in the juice.,ジュースに氷を少し入れてください。
151,word,0151,idea,考え・アイデア,noun,A,That is a good idea.,それはよい考えです。
152,word,0152,bear,クマ,noun,A,We saw a bear at the zoo.,私たちは動物園でクマを見ました。
153,word,0153,Canada,カナダ,noun,A,She is from Canada.,彼女はカナダ出身です。
154,word,0154,garden,庭,noun,A,There are flowers in the garden.,庭に花があります。
155,word,0155,pumpkin,カボチャ,noun,A,We cooked a pumpkin for dinner.,私たちは夕食にカボチャを料理しました。
156,word,0156,theater,劇場,noun,A,We watched a movie at the theater.,私たちは映画館で映画を見ました。
157,word,0157,United States,アメリカ合衆国,noun,A,He traveled to the United States.,彼はアメリカ合衆国へ旅行しました。
158,word,0158,airport,空港,noun,A,We arrived at the airport early.,私たちは早く空港に着きました。
159,word,0159,band,楽団・バンド,noun,A,My brother plays in a band.,私の兄はバンドで演奏しています。
160,word,0160,China,中国,noun,A,I want to visit China someday.,私はいつか中国を訪れたいです。
161,word,0161,France,フランス,noun,A,Paris is in France.,パリはフランスにあります。
162,word,0162,photo,写真,noun,A,I took a photo of the mountain.,私は山の写真を撮りました。
163,word,0163,prize,賞,noun,A,She won first prize.,彼女は1等賞を取りました。
164,word,0164,supermarket,スーパーマーケット,noun,A,My mother went to the supermarket.,私の母はスーパーマーケットへ行きました。
165,word,0165,university,（総合）大学,noun,A,My sister studies at a university.,私の姉は大学で勉強しています。
166,word,0166,camp,キャンプ・キャンプをする,noun,A,We went to camp last summer.,私たちは去年の夏キャンプに行きました。
167,word,0167,care,注意・世話,noun,A,Take care on your way home.,帰り道は気をつけてください。
168,word,0168,Europe,ヨーロッパ,noun,A,I want to travel around Europe.,私はヨーロッパを旅行したいです。
169,word,0169,fall,秋・落ちる,noun,A,The leaves turn red in fall.,秋には葉が赤くなります。
170,word,0170,holiday,休日・祝日,noun,A,Monday is a holiday.,月曜日は祝日です。
171,word,0171,piece,1つ・かけら,noun,A,Can I have a piece of cake?,ケーキを1つもらえますか。
172,word,0172,question,質問,noun,A,I have a question.,質問があります。
173,word,0173,snack,軽食・スナック,noun,A,I had a snack after school.,私は放課後に軽食を食べました。
174,word,0174,stadium,スタジアム・競技場,noun,A,Many people came to the stadium.,多くの人がスタジアムに来ました。
175,word,0175,tournament,トーナメント・勝ち抜き戦,noun,A,Our team joined the tournament.,私たちのチームは大会に参加しました。
176,word,0176,wife,妻,noun,A,His wife is a teacher.,彼の妻は先生です。
177,word,0177,sale,販売・特売・セール,noun,A,This bag is on sale today.,このかばんは今日セール中です。
178,word,0178,daughter,娘,noun,A,Their daughter is ten years old.,彼らの娘は10歳です。
179,word,0179,front,前,noun,A,Please wait in front of the school.,学校の前で待ってください。
180,word,0180,gym,体育館,noun,A,We play basketball in the gym.,私たちは体育館でバスケットボールをします。
181,word,0181,mountain,山,noun,A,That mountain is very high.,あの山はとても高いです。
182,word,0182,team,チーム・運動部,noun,A,Our team practiced after school.,私たちのチームは放課後練習しました。
183,word,0183,tour,見学旅行・ツアー,noun,A,We took a tour of the city.,私たちは市内を見学しました。
184,word,0184,vegetable,野菜,noun,A,Carrots are my favorite vegetable.,ニンジンは私の好きな野菜です。
185,word,0185,clothes,服,noun,A,I bought some new clothes.,私は新しい服を買いました。
186,word,0186,college,大学,noun,A,He wants to go to college.,彼は大学へ行きたがっています。
187,word,0187,course,コース・講座,noun,A,I took an English course.,私は英語の講座を受けました。
188,word,0188,husband,夫,noun,A,Her husband works at a bank.,彼女の夫は銀行で働いています。
189,word,0189,Italy,イタリア,noun,A,Rome is in Italy.,ローマはイタリアにあります。
190,word,0190,plane,飛行機,noun,A,We went to Tokyo by plane.,私たちは飛行機で東京へ行きました。
191,word,0191,pool,プール,noun,A,The children are swimming in the pool.,子どもたちはプールで泳いでいます。
192,word,0192,radish,ラディッシュ・ハツカダイコン,noun,A,I grew a radish in the garden.,私は庭でラディッシュを育てました。
193,word,0193,textbook,教科書,noun,A,Open your textbook to page ten.,教科書の10ページを開いてください。
194,word,0194,America,アメリカ,noun,A,My friend lives in America.,私の友達はアメリカに住んでいます。
195,word,0195,bicycle,自転車,noun,A,I go to school by bicycle.,私は自転車で学校へ行きます。
196,word,0196,café,カフェ・軽食堂,noun,A,We had lunch at a café.,私たちはカフェで昼食を食べました。
197,word,0197,member,メンバー・一員,noun,A,She is a member of the tennis club.,彼女はテニス部の一員です。
198,word,0198,part,部分,noun,A,This is my favorite part of the book.,ここはこの本で私の好きな部分です。
199,word,0199,volunteer,ボランティア,noun,A,He works as a volunteer on Sundays.,彼は日曜日にボランティアとして活動します。
200,word,0200,New York,ニューヨーク,noun,A,I want to visit New York someday.,私はいつかニューヨークを訪れたいです。
201,word,0201,end,終わり・終わる,noun,A,The movie ends at nine.,その映画は9時に終わります。
202,word,0202,grandfather,祖父,noun,A,My grandfather grows vegetables.,私の祖父は野菜を育てています。
203,word,0203,Hawaii,ハワイ,noun,A,We went to Hawaii last summer.,私たちは去年の夏ハワイへ行きました。
204,word,0204,information,情報,noun,A,I found the information online.,私はその情報をオンラインで見つけました。
205,word,0205,Mexico,メキシコ,noun,A,She wants to visit Mexico.,彼女はメキシコを訪れたがっています。
206,word,0206,picnic,ピクニック,noun,A,We had a picnic in the park.,私たちは公園でピクニックをしました。
207,word,0207,sandwich,サンドイッチ,noun,A,I made a cheese sandwich.,私はチーズサンドイッチを作りました。
208,word,0208,sir,あなた・お客様（男性への丁寧な呼びかけ）,noun,A,"Excuse me, sir.",すみません、お客様。
209,word,0209,website,ウェブサイト,noun,A,I found it on the school website.,私は学校のウェブサイトでそれを見つけました。
210,word,0210,artist,芸術家・アーティスト,noun,A,My sister wants to be an artist.,私の姉は芸術家になりたがっています。
211,word,0211,Australia,オーストラリア,noun,A,My friend lives in Australia.,私の友達はオーストラリアに住んでいます。
212,word,0212,center,中心・中央,noun,A,There is a fountain in the center of the park.,公園の中央に噴水があります。
213,word,0213,dish,料理・皿,noun,A,This is my favorite Japanese dish.,これは私の好きな日本料理です。
214,word,0214,message,伝言・メッセージ,noun,A,I left a message for Ken.,私はケンに伝言を残しました。
215,word,0215,phone,電話,noun,A,My phone is in my bag.,私の電話はかばんの中にあります。
216,word,0216,race,競走・レース,noun,A,She won the 100-meter race.,彼女は100メートル走で勝ちました。
217,word,0217,size,サイズ・大きさ,noun,A,What size do you need?,どのサイズが必要ですか。
218,word,0218,baby,赤ちゃん,noun,A,The baby is sleeping now.,その赤ちゃんは今眠っています。
219,word,0219,bank,銀行,noun,A,There is a bank near the station.,駅の近くに銀行があります。
220,word,0220,chip,チップ・薄切り,noun,A,He ate a potato chip.,彼はポテトチップを1枚食べました。
221,word,0221,company,会社,noun,A,My father works for a small company.,私の父は小さな会社で働いています。
222,word,0222,crowd,群衆・人ごみ,noun,A,A large crowd waited outside.,大勢の人が外で待っていました。
223,word,0223,dress,ドレス・服,noun,A,She wore a blue dress.,彼女は青いドレスを着ていました。
224,word,0224,event,行事・イベント,noun,A,The school event was fun.,その学校行事は楽しかったです。
225,word,0225,farm,農場,noun,A,They have cows on the farm.,その農場には牛がいます。
226,word,0226,future,未来,noun,A,I want to study abroad in the future.,私は将来、海外で勉強したいです。
227,word,0227,hotel,ホテル,noun,A,We stayed at a hotel near the beach.,私たちは浜辺の近くのホテルに泊まりました。
228,word,0228,kitchen,台所,noun,A,My mother is cooking in the kitchen.,私の母は台所で料理しています。
229,word,0229,mall,ショッピングセンター,noun,A,We bought shoes at the mall.,私たちはショッピングセンターで靴を買いました。
230,word,0230,newspaper,新聞,noun,A,My grandfather reads the newspaper every morning.,私の祖父は毎朝新聞を読みます。
231,word,0231,Thailand,タイ,noun,A,I want to travel to Thailand.,私はタイへ旅行したいです。
232,word,0232,video,ビデオ・動画,adjective_adverb,A,I watched a short video.,私は短い動画を見ました。
233,word,0233,some,いくつかの,adjective_adverb,A,I bought some apples.,私はリンゴをいくつか買いました。
234,word,0234,next,次の,adjective_adverb,A,See you next week.,また来週会いましょう。
235,word,0235,many,たくさんの,adjective_adverb,A,Many students joined the club.,たくさんの生徒がその部に入りました。
236,word,0236,last,この前の・最後の,adjective_adverb,A,I saw her last Sunday.,私はこの前の日曜日に彼女に会いました。
237,word,0237,all,すべての・すべて,adjective_adverb,A,All the windows are open.,すべての窓が開いています。
238,word,0238,late,遅い・遅れた・遅く,adjective_adverb,A,I was late for school.,私は学校に遅れました。
239,word,0239,great,すばらしい・偉大な,adjective_adverb,A,We had a great time.,私たちはすばらしい時間を過ごしました。
240,word,0240,every,毎～・どの～もみな,adjective_adverb,A,I walk my dog every morning.,私は毎朝犬を散歩させます。
241,word,0241,other,ほかの,adjective_adverb,A,Do you have any other questions?,ほかに質問はありますか。
242,word,0242,sure,確信して,adjective_adverb,A,I'm sure he will come.,彼はきっと来ると思います。
243,word,0243,more,もっと多くの,adjective_adverb,A,I need more time.,私はもっと時間が必要です。
244,word,0244,famous,有名な,adjective_adverb,A,Kyoto is famous for its temples.,京都は寺で有名です。
245,word,0245,only,ただ1つの・唯一の,adjective_adverb,A,This is my only notebook.,これは私のただ1冊のノートです。
246,word,0246,much,多くの・たくさん,adjective_adverb,A,We don't have much time.,私たちにはあまり時間がありません。
247,word,0247,popular,人気のある,adjective_adverb,A,This song is popular with students.,この歌は生徒たちに人気があります。
248,word,0248,special,特別な,adjective_adverb,A,Today is a special day.,今日は特別な日です。
249,word,0249,any,いくらかの・どんな～でも,adjective_adverb,A,Do you have any questions?,何か質問はありますか。
250,word,0250,most,ほとんどの・最も,adjective_adverb,A,Most students like music.,ほとんどの生徒は音楽が好きです。
251,word,0251,free,暇な・無料の,adjective_adverb,A,I'm free this afternoon.,私は今日の午後ひまです。
252,word,0252,best,最もよい,adjective_adverb,A,This is the best answer.,これが最もよい答えです。
253,word,0253,better,よりよい・より上手に,adjective_adverb,A,This book is better than that one.,この本はあの本よりよいです。
254,word,0254,happy,うれしい・幸せな,adjective_adverb,A,I was happy to see you.,あなたに会えてうれしかったです。
255,word,0255,different,違った・異なる,adjective_adverb,A,My idea is different from yours.,私の考えはあなたの考えと違います。
256,word,0256,ready,用意ができた,adjective_adverb,A,I'm ready for the test.,私はテストの準備ができています。
257,word,0257,busy,忙しい,adjective_adverb,A,My mother is busy today.,私の母は今日忙しいです。
258,word,0258,Italian,イタリア（人・語）の,adjective_adverb,A,We ate Italian food for dinner.,私たちは夕食にイタリア料理を食べました。
259,word,0259,expensive,高価な,adjective_adverb,A,That watch is too expensive.,あの時計は高すぎます。
260,word,0260,cold,寒い・冷たい,adjective_adverb,A,It is cold this morning.,今朝は寒いです。
261,word,0261,delicious,おいしい,adjective_adverb,A,This soup is delicious.,このスープはおいしいです。
262,word,0262,sunny,晴れた,adjective_adverb,A,It will be sunny tomorrow.,明日は晴れるでしょう。
263,word,0263,beautiful,美しい,adjective_adverb,A,The lake is beautiful in spring.,その湖は春に美しいです。
264,word,0264,cheap,安い,adjective_adverb,A,This bag was very cheap.,このかばんはとても安かったです。
265,word,0265,French,フランス（人・語）の,adjective_adverb,A,She is studying French.,彼女はフランス語を勉強しています。
266,word,0266,interesting,おもしろい・興味深い,adjective_adverb,A,This book is very interesting.,この本はとてもおもしろいです。
267,word,0267,enough,十分な・十分に,adjective_adverb,A,We have enough food for everyone.,みんなに十分な食べ物があります。
268,word,0268,difficult,難しい,adjective_adverb,A,This question is difficult.,この問題は難しいです。
269,word,0269,sick,病気の,adjective_adverb,A,He was sick yesterday.,彼は昨日病気でした。
270,word,0270,little,小さい・少しの,adjective_adverb,A,I have a little time.,私は少し時間があります。
271,word,0271,small,小さい,adjective_adverb,A,They live in a small house.,彼らは小さな家に住んでいます。
272,word,0272,excited,わくわくしている,adjective_adverb,A,I'm excited about the trip.,私はその旅行にわくわくしています。
273,word,0273,far,遠い,adjective_adverb,A,The station is far from here.,駅はここから遠いです。
274,word,0274,able,～できる,adjective_adverb,A,She is able to swim well.,彼女は上手に泳ぐことができます。
275,word,0275,each,それぞれの,adjective_adverb,A,Each student has a book.,それぞれの生徒が本を1冊持っています。
276,word,0276,easy,簡単な,adjective_adverb,A,This question is easy.,この問題は簡単です。
277,word,0277,glad,うれしい,adjective_adverb,A,I'm glad to hear that.,それを聞いてうれしいです。
278,word,0278,surprised,驚いた,adjective_adverb,A,I was surprised at the news.,私はそのニュースに驚きました。
279,word,0279,tired,疲れた,adjective_adverb,A,I'm tired after practice.,練習のあとで疲れています。
280,word,0280,windy,風の吹く・風の強い,adjective_adverb,A,It is very windy today.,今日はとても風が強いです。
281,word,0281,afraid,こわがって,adjective_adverb,A,The child is afraid of dogs.,その子どもは犬をこわがっています。
282,word,0282,main,おもな・主要な,adjective_adverb,A,This is the main reason.,これがおもな理由です。
283,word,0283,sad,悲しい,adjective_adverb,A,She looked sad yesterday.,彼女は昨日悲しそうでした。
284,word,0284,such,そのような・とても,adjective_adverb,A,I've never seen such a big dog.,私はそんなに大きな犬を見たことがありません。
285,word,0285,another,もう1つの,adjective_adverb,A,Can I have another piece?,もう1つもらえますか。
286,word,0286,both,両方の・両方,adjective_adverb,A,Both answers are correct.,両方の答えが正しいです。
287,word,0287,few,少数の,adjective_adverb,A,Few people knew the answer.,答えを知っている人は少ししかいませんでした。
288,word,0288,fine,けっこうな・元気な,adjective_adverb,A,"I'm fine, thank you.",元気です、ありがとう。
289,word,0289,full,いっぱいの,adjective_adverb,A,The bus was full of people.,そのバスは人でいっぱいでした。
290,word,0290,rainy,雨降りの,adjective_adverb,A,It was rainy all day.,一日中雨降りでした。
291,word,0291,Chinese,中国（人・語）の・中国語,adjective_adverb,A,She can speak Chinese.,彼女は中国語を話せます。
292,word,0292,hungry,空腹の,adjective_adverb,A,I'm hungry after school.,私は放課後おなかがすいています。
293,word,0293,poor,貧しい・かわいそうな,adjective_adverb,A,The poor dog was very hungry.,そのかわいそうな犬はとてもおなかがすいていました。
294,word,0294,same,同じ,adjective_adverb,A,We have the same bag.,私たちは同じかばんを持っています。
295,word,0295,wrong,間違った・悪い,adjective_adverb,A,Your answer is wrong.,あなたの答えは間違っています。
296,word,0296,own,自分自身の,adjective_adverb,A,I have my own room.,私は自分自身の部屋を持っています。
297,word,0297,Spanish,スペイン（人・語）の・スペイン語,adjective_adverb,A,He is learning Spanish.,彼はスペイン語を学んでいます。
298,word,0298,wild,野生の,adjective_adverb,A,We saw wild animals in the forest.,私たちは森で野生の動物を見ました。
299,word,0299,so,そんなに・そのように・それで,adjective_adverb,A,"I was tired, so I went to bed early.",私は疲れていたので、早く寝ました。
300,word,0300,too,～もまた・～すぎる,adjective_adverb,A,This bag is too heavy.,このかばんは重すぎます。
301,word,0301,very,ひじょうに・とても,adjective_adverb,A,This book is very interesting.,この本はとてもおもしろいです。
302,word,0302,really,本当に,adjective_adverb,A,I really like this song.,私はこの歌が本当に好きです。
303,word,0303,now,今,adjective_adverb,A,I am busy now.,私は今忙しいです。
304,word,0304,up,上へ,adjective_adverb,A,Please stand up.,立ってください。
305,word,0305,well,じょうずに・よく,adjective_adverb,A,She can swim well.,彼女は上手に泳げます。
306,word,0306,also,～もまた,adjective_adverb,A,I also like soccer.,私もサッカーが好きです。
307,word,0307,soon,すぐに,adjective_adverb,A,See you soon.,またすぐ会いましょう。
308,word,0308,then,そのとき・それから,adjective_adverb,A,"We ate lunch, and then we went home.",私たちは昼食を食べ、それから家に帰りました。
309,word,0309,tonight,今夜は・今夜,adjective_adverb,A,I will study tonight.,私は今夜勉強します。
310,word,0310,just,ちょうど・ほんの,adjective_adverb,A,I just finished my homework.,私はちょうど宿題を終えました。
311,word,0311,often,よく・しばしば,adjective_adverb,A,I often read books after dinner.,私は夕食後によく本を読みます。
312,word,0312,usually,ふつうは・たいてい,adjective_adverb,A,I usually get up at six.,私はたいてい6時に起きます。
313,word,0313,ago,（今から）～前に,adjective_adverb,A,I saw him two days ago.,私は2日前に彼に会いました。
314,word,0314,out,外へ・外に,adjective_adverb,A,Let's go out after lunch.,昼食後に外へ行きましょう。
315,word,0315,always,いつも,adjective_adverb,A,She is always kind to me.,彼女はいつも私に親切です。
316,word,0316,early,早く・早い,adjective_adverb,A,I got up early today.,私は今日早く起きました。
317,word,0317,together,いっしょに,adjective_adverb,A,We studied together.,私たちはいっしょに勉強しました。
318,word,0318,still,まだ,adjective_adverb,A,He is still at school.,彼はまだ学校にいます。
319,word,0319,hard,一生懸命に・熱心に,adjective_adverb,A,She studied hard for the test.,彼女はテストのために一生懸命勉強しました。
320,word,0320,yet,（疑問文で）もう・（否定文で）まだ,adjective_adverb,A,Have you finished yet?,もう終わりましたか。
321,word,0321,never,決して～ない,adjective_adverb,A,I never drink coffee.,私は決してコーヒーを飲みません。
322,word,0322,again,再び・また,adjective_adverb,A,Please say it again.,もう一度言ってください。
323,word,0323,away,離れて,adjective_adverb,A,The station is five minutes away.,駅は5分ほど離れています。
324,word,0324,maybe,もしかしたら・～かもしれない,adjective_adverb,A,Maybe it will rain tomorrow.,明日は雨が降るかもしれません。
325,word,0325,already,すでに・もう,adjective_adverb,A,I have already eaten lunch.,私はもう昼食を食べました。
326,word,0326,outside,外側に・外側・～の外に,adjective_adverb,A,The children are playing outside.,子どもたちは外で遊んでいます。
327,word,0327,forward,前方へ,adjective_adverb,A,Please move forward a little.,少し前へ進んでください。
328,word,0328,once,1回・かつて,adjective_adverb,A,I have been to Kyoto once.,私は京都に1回行ったことがあります。
329,word,0329,twice,2度・2倍,adjective_adverb,A,I go swimming twice a week.,私は週に2回泳ぎに行きます。
330,word,0330,finally,最後に・ついに,adjective_adverb,A,We finally arrived at the station.,私たちはついに駅に着きました。
331,word,0331,instead,（その）代わりに,adjective_adverb,A,I stayed home instead.,私はその代わりに家にいました。
332,word,0332,even,～でさえ,adjective_adverb,A,Even my brother knows the answer.,私の兄でさえ答えを知っています。
333,word,0333,sometimes,ときどき,adjective_adverb,A,I sometimes play tennis after school.,私はときどき放課後テニスをします。
334,word,0334,but,しかし,adjective_adverb,A,"I wanted to go, but I was busy.",私は行きたかったですが、忙しかったです。
335,word,0335,because,なぜなら～だから,adjective_adverb,A,I stayed home because it was raining.,雨が降っていたので私は家にいました。
336,word,0336,or,～または…,adjective_adverb,A,Would you like tea or juice?,お茶かジュースはいかがですか。
337,word,0337,if,もし～ならば,adjective_adverb,A,"If it is sunny, we will go outside.",晴れたら外へ行きます。
338,word,0338,as,（as … as ～で）～と同じくらい…,adjective_adverb,A,This bag is as big as that one.,このかばんはあのかばんと同じくらい大きいです。
339,word,0339,than,～よりも,adjective_adverb,A,My sister is taller than me.,私の姉は私より背が高いです。
340,word,0340,since,～（して）以来・～以来,adjective_adverb,A,I have lived here since 2020.,私は2020年からここに住んでいます。
341,word,0341,will,～するだろう,adjective_adverb,A,I will call you tomorrow.,明日あなたに電話します。
342,word,0342,could,can（～できる）の過去形,adjective_adverb,A,I could swim when I was six.,私は6歳のとき泳ぐことができました。
343,word,0343,should,～したほうがよい,adjective_adverb,A,You should go to bed early.,あなたは早く寝たほうがよいです。
344,word,0344,would,will（～だろう）の過去形,adjective_adverb,A,I would like some water.,水を少しいただきたいです。
345,word,0345,must,～しなければならない・～にちがいない,adjective_adverb,A,You must finish your homework.,あなたは宿題を終えなければなりません。
346,word,0346,anything,（疑問文で）何か・（否定文で）何も（～ない）,adjective_adverb,A,Do you need anything?,何か必要ですか。
347,word,0347,everyone,みんな,adjective_adverb,A,Everyone enjoyed the game.,みんながその試合を楽しみました。
348,word,0348,something,何か・あるもの［こと］,adjective_adverb,A,I want something cold to drink.,何か冷たい飲み物がほしいです。
349,word,0349,everything,あらゆること［もの］,adjective_adverb,A,Everything is ready.,すべて準備できています。
350,word,0350,welcome,ようこそ・歓迎される,adjective_adverb,A,Welcome to our school.,私たちの学校へようこそ。
351,word,0351,taste,～な味がする・味,verb,B,This soup tastes good.,このスープはおいしい味がします。
352,word,0352,understand,理解する,verb,B,I understand the question.,私はその質問を理解しています。
353,word,0353,answer,答える・答え,verb,B,Please answer my question.,私の質問に答えてください。
354,word,0354,carve,彫る,verb,B,He carved a small bird from wood.,彼は木から小さな鳥を彫りました。
355,word,0355,fly,飛ぶ・飛行機で行く,verb,B,Birds can fly high.,鳥は高く飛べます。
356,word,0356,smell,～なにおいがする・におい,verb,B,This flower smells sweet.,この花は甘いにおいがします。
357,word,0357,arrive,到着する,verb,B,We arrived at the station at eight.,私たちは8時に駅に到着しました。
358,word,0358,marry,結婚する,verb,B,They want to marry next year.,彼らは来年結婚したがっています。
359,word,0359,throw,投げる,verb,B,Please throw the ball to me.,私にボールを投げてください。
360,word,0360,celebrate,祝う,verb,B,We celebrated her birthday yesterday.,私たちは昨日彼女の誕生日を祝いました。
361,word,0361,cover,おおう,verb,B,Snow covered the mountain.,雪が山をおおいました。
362,word,0362,agree,同意する,verb,B,I agree with your idea.,私はあなたの考えに同意します。
363,word,0363,believe,信じる,verb,B,I believe his story.,私は彼の話を信じます。
364,word,0364,carry,運ぶ,verb,B,Can you carry this bag?,このかばんを運べますか。
365,word,0365,cut,切る,verb,B,Cut the apple in half.,リンゴを半分に切ってください。
366,word,0366,die,死ぬ,verb,B,The plant died last winter.,その植物は去年の冬に枯れました。
367,word,0367,enter,入る・出場する,verb,B,Please enter the room quietly.,静かに部屋へ入ってください。
368,word,0368,graduate,卒業する,verb,B,My sister graduated from college.,私の姉は大学を卒業しました。
369,word,0369,guess,推測する・言い当てる,verb,B,Can you guess the answer?,答えを推測できますか。
370,word,0370,shake,振る,verb,B,Shake the bottle before you drink it.,飲む前にびんを振ってください。
371,word,0371,cross,横切る,verb,B,We crossed the street together.,私たちはいっしょに通りを横切りました。
372,word,0372,follow,ついて行く・従う,verb,B,Please follow me.,私について来てください。
373,word,0373,reach,着く・届く,verb,B,We reached the top at noon.,私たちは正午に頂上へ着きました。
374,word,0374,touch,さわる,verb,B,Don't touch the picture.,その絵にさわらないでください。
375,word,0375,cry,泣く・さけぶ,verb,B,The baby began to cry.,赤ちゃんが泣き始めました。
376,word,0376,fill,満たす,verb,B,Please fill the glass with water.,コップを水で満たしてください。
377,word,0377,laugh,（声を出して）笑う,verb,B,Everyone laughed at the joke.,みんながその冗談で笑いました。
378,word,0378,mix,混ぜる,verb,B,Mix the eggs and milk.,卵と牛乳を混ぜてください。
379,word,0379,peel,皮をむく,verb,B,She peeled an apple.,彼女はリンゴの皮をむきました。
380,word,0380,perform,上演する・演奏する,verb,B,The students performed on stage.,生徒たちは舞台で演じました。
381,word,0381,push,押す,verb,B,Push the door to open it.,ドアを押して開けてください。
382,word,0382,raise,上げる・育てる・飼う,verb,B,Please raise your hand.,手を上げてください。
383,word,0383,relax,くつろぐ・くつろがせる,verb,B,I like to relax after dinner.,私は夕食後にくつろぐのが好きです。
384,word,0384,rest,休む・休息する,verb,B,You should rest today.,今日は休んだほうがよいです。
385,word,0385,serve,（食事を）出す・（人に）給仕する,verb,B,They serve lunch at noon.,彼らは正午に昼食を出します。
386,word,0386,snowboard,スノーボードをする,verb,B,We snowboarded last winter.,私たちは去年の冬スノーボードをしました。
387,word,0387,actor,俳優,noun,B,My favorite actor is in this movie.,私の好きな俳優がこの映画に出ています。
388,word,0388,cafeteria,カフェテリア・（学校の）食堂,noun,B,We ate lunch in the cafeteria.,私たちは食堂で昼食を食べました。
389,word,0389,customer,（店などの）客・顧客,noun,B,The customer asked a question.,その客は質問をしました。
390,word,0390,factory,工場,noun,B,My uncle works at a factory.,私のおじは工場で働いています。
391,word,0391,fruit,果物,noun,B,I eat fruit every morning.,私は毎朝果物を食べます。
392,word,0392,gift,贈り物,noun,B,This gift is for you.,この贈り物はあなたへのものです。
393,word,0393,island,島,noun,B,They live on a small island.,彼らは小さな島に住んでいます。
394,word,0394,kilometer,キロメートル,noun,B,The station is one kilometer away.,駅は1キロメートル離れています。
395,word,0395,lake,湖,noun,B,We walked around the lake.,私たちは湖のまわりを歩きました。
396,word,0396,language,言語,noun,B,English is an international language.,英語は国際的な言語です。
397,word,0397,leg,脚・足,noun,B,My left leg hurts.,左足が痛みます。
398,word,0398,luck,運・幸運,noun,B,Good luck on your test.,テストがんばってね。
399,word,0399,pair,1組・1対,noun,B,I bought a pair of shoes.,私は靴を1足買いました。
400,word,0400,river,川,noun,B,There is a river near my house.,私の家の近くに川があります。
401,word,0401,schedule,予定・スケジュール,noun,B,I checked my schedule for tomorrow.,私は明日の予定を確認しました。
402,word,0402,seat,座席・席,noun,B,Please take this seat.,この席に座ってください。
403,word,0403,steak,ステーキ,noun,B,My father ordered a steak.,私の父はステーキを注文しました。
404,word,0404,tiger,トラ,noun,B,We saw a tiger at the zoo.,私たちは動物園でトラを見ました。
405,word,0405,winner,勝利者・受賞者,noun,B,She was the winner of the contest.,彼女はそのコンテストの優勝者でした。
406,word,0406,word,単語・言葉,noun,B,I learned a new English word.,私は新しい英単語を覚えました。
407,word,0407,bathroom,浴室・トイレ,noun,B,The bathroom is upstairs.,浴室は2階にあります。
408,word,0408,California,カリフォルニア州,noun,B,My uncle lives in California.,私のおじはカリフォルニア州に住んでいます。
409,word,0409,chair,いす,noun,B,Please sit on this chair.,このいすに座ってください。
410,word,0410,cousin,いとこ,noun,B,My cousin lives near my house.,私のいとこは私の家の近くに住んでいます。
411,word,0411,Germany,ドイツ,noun,B,I want to visit Germany someday.,私はいつかドイツを訪れたいです。
412,word,0412,letter,手紙,noun,B,I wrote a letter to my friend.,私は友達に手紙を書きました。
413,word,0413,paper,紙,noun,B,Please write your name on the paper.,紙に名前を書いてください。
414,word,0414,project,プロジェクト,noun,B,We finished our science project.,私たちは理科のプロジェクトを終えました。
415,word,0415,salad,サラダ,noun,B,I had salad for lunch.,私は昼食にサラダを食べました。
416,word,0416,space,宇宙・空間,noun,B,I want to learn more about space.,私は宇宙についてもっと学びたいです。
417,word,0417,storm,嵐,noun,B,The storm ended this morning.,嵐は今朝おさまりました。
418,word,0418,uniform,制服,noun,B,We wear a uniform at school.,私たちは学校で制服を着ます。
419,word,0419,visitor,訪問者,noun,B,We had a visitor today.,今日は訪問者が来ました。
420,word,0420,Wales,ウェールズ,noun,B,Wales is part of the United Kingdom.,ウェールズはイギリスの一部です。
421,word,0421,New Zealand,ニュージーランド,noun,B,She traveled to New Zealand.,彼女はニュージーランドへ旅行しました。
422,word,0422,accident,事故,noun,B,There was an accident near the station.,駅の近くで事故がありました。
423,word,0423,chance,機会・チャンス,noun,B,I had a chance to speak English.,私は英語を話す機会がありました。
424,word,0424,coat,コート,noun,B,I need a warm coat.,私は暖かいコートが必要です。
425,word,0425,copy,コピー・複写・写す・コピーする,noun,B,Please make a copy of this page.,このページをコピーしてください。
426,word,0426,dessert,デザート,noun,B,We had ice cream for dessert.,私たちはデザートにアイスクリームを食べました。
427,word,0427,grade,学年・等級,noun,B,My brother is in the ninth grade.,私の兄は9年生です。
428,word,0428,group,集団・グループ,noun,B,Our group has five students.,私たちのグループには5人の生徒がいます。
429,word,0429,hall,会館・ホール,noun,B,The concert was held in the hall.,コンサートはホールで開かれました。
430,word,0430,Halloween,ハロウィーン,noun,B,We had a party on Halloween.,私たちはハロウィーンにパーティーをしました。
431,word,0431,hand,手,noun,B,Raise your right hand.,右手を上げてください。
432,word,0432,key,鍵,noun,B,I can't find my key.,私は鍵が見つかりません。
433,word,0433,lion,ライオン,noun,B,The lion is sleeping.,そのライオンは眠っています。
434,word,0434,musician,音楽家,noun,B,He wants to be a musician.,彼は音楽家になりたがっています。
435,word,0435,news,ニュース,noun,B,I heard the news this morning.,私は今朝そのニュースを聞きました。
436,word,0436,number,数・番号,noun,B,Please write your phone number.,電話番号を書いてください。
437,word,0437,plant,植物・植える,noun,B,This plant needs water.,この植物には水が必要です。
438,word,0438,price,値段・価格,noun,B,What is the price of this bag?,このかばんの値段はいくらですか。
439,word,0439,queen,女王,noun,B,The queen visited the city.,女王はその町を訪れました。
440,word,0440,ship,船,noun,B,The ship left the port.,その船は港を出ました。
441,word,0441,soup,スープ,noun,B,This soup is very hot.,このスープはとても熱いです。
442,word,0442,sweater,セーター,noun,B,I bought a new sweater.,私は新しいセーターを買いました。
443,word,0443,type,種類・型,noun,B,What type of music do you like?,どんな種類の音楽が好きですか。
444,word,0444,worker,働く人・労働者,noun,B,The workers started early.,働く人たちは早く仕事を始めました。
445,word,0445,living room,居間,noun,B,We watched TV in the living room.,私たちは居間でテレビを見ました。
446,word,0446,shopping mall,ショッピングモール,noun,B,We went to the shopping mall.,私たちはショッピングモールへ行きました。
447,word,0447,bread,パン,noun,B,I eat bread for breakfast.,私は朝食にパンを食べます。
448,word,0448,century,世紀,noun,B,The building was built in the last century.,その建物は前の世紀に建てられました。
449,word,0449,coach,コーチ,noun,B,Our coach taught us a new skill.,コーチは私たちに新しい技を教えました。
450,word,0450,experience,経験・経験する,noun,B,It was a good experience for me.,それは私にとってよい経験でした。
451,word,0451,foot,足・（長さの単位で）フィート,noun,B,My left foot hurts.,左足が痛みます。
452,word,0452,horse,馬,noun,B,The horse ran across the field.,その馬は野原を走りました。
453,word,0453,matter,事がら・問題,noun,B,We talked about an important matter.,私たちは大切な問題について話しました。
454,word,0454,model,模型・型・モデル,noun,B,He made a model airplane.,彼は模型飛行機を作りました。
455,word,0455,pasta,パスタ,noun,B,We had pasta for dinner.,私たちは夕食にパスタを食べました。
456,word,0456,pig,ブタ,noun,B,There are three pigs on the farm.,農場には3匹のブタがいます。
457,word,0457,shower,シャワー,noun,B,I took a shower after practice.,私は練習のあとシャワーを浴びました。
458,word,0458,slice,薄切り・1切れ,noun,B,I ate a slice of pizza.,私はピザを1切れ食べました。
459,word,0459,taxi,タクシー,noun,B,We took a taxi to the hotel.,私たちはホテルまでタクシーに乗りました。
460,word,0460,top,頂上・上部,noun,B,We reached the top of the mountain.,私たちは山の頂上に着きました。
461,word,0461,toy,おもちゃ,noun,B,The child has a new toy.,その子どもは新しいおもちゃを持っています。
462,word,0462,wallet,財布,noun,B,I left my wallet at home.,私は財布を家に忘れました。
463,word,0463,adult,大人,noun,B,Children need an adult with them.,子どもには大人の付き添いが必要です。
464,word,0464,Africa,アフリカ,noun,B,There are many countries in Africa.,アフリカには多くの国があります。
465,word,0465,aquarium,水族館,noun,B,We saw dolphins at the aquarium.,私たちは水族館でイルカを見ました。
466,word,0466,Boston,ボストン,noun,B,My friend moved to Boston.,私の友達はボストンへ引っ越しました。
467,word,0467,chef,シェフ・料理人,noun,B,The chef made a delicious meal.,そのシェフはおいしい料理を作りました。
468,word,0468,classroom,教室,noun,B,Our classroom is on the second floor.,私たちの教室は2階にあります。
469,word,0469,dentist,歯科医,noun,B,I went to the dentist yesterday.,私は昨日歯科医へ行きました。
470,word,0470,detective,刑事・探偵,noun,B,The detective asked many questions.,その刑事はたくさん質問しました。
471,word,0471,elevator,エレベーター,noun,B,Let's take the elevator.,エレベーターに乗りましょう。
472,word,0472,entrance,入り口・入学,noun,B,Please wait at the entrance.,入り口で待ってください。
473,word,0473,environment,環境,noun,B,We should protect the environment.,私たちは環境を守るべきです。
474,word,0474,face,顔,noun,B,Wash your face before breakfast.,朝食前に顔を洗いなさい。
475,word,0475,farmer,農場主・農夫,noun,B,The farmer grows vegetables.,その農夫は野菜を育てています。
476,word,0476,garbage,ごみ,noun,B,Please put the garbage here.,ごみをここに置いてください。
477,word,0477,half,半分・半分の,noun,B,I ate half of the cake.,私はケーキの半分を食べました。
478,word,0478,headache,頭痛,noun,B,I have a headache today.,私は今日頭痛がします。
479,word,0479,hobby,趣味,noun,B,My hobby is taking pictures.,私の趣味は写真を撮ることです。
480,word,0480,hometown,故郷,noun,B,My hometown is near the sea.,私の故郷は海の近くです。
481,word,0481,ice-skating,アイススケート,noun,B,We went ice-skating last Sunday.,私たちは先週の日曜日にアイススケートをしました。
482,word,0482,king,王,noun,B,The king lived in a large castle.,その王は大きな城に住んでいました。
483,word,0483,light,明かり・軽い,noun,B,Please turn on the light.,明かりをつけてください。
484,word,0484,magazine,雑誌,noun,B,I bought a sports magazine.,私はスポーツ雑誌を買いました。
485,word,0485,mystery,ミステリー・なぞ,noun,B,This book is a mystery.,この本はミステリーです。
486,word,0486,nature,自然,noun,B,We learned about nature at school.,私たちは学校で自然について学びました。
487,word,0487,panda,パンダ,noun,B,The panda is eating bamboo.,そのパンダは竹を食べています。
488,word,0488,person,人,noun,B,There is a person at the door.,ドアのところに人がいます。
489,word,0489,pilot,パイロット,noun,B,My uncle is a pilot.,私のおじはパイロットです。
490,word,0490,pleasure,喜び・楽しみ,noun,B,It was a pleasure to meet you.,あなたに会えてうれしかったです。
491,word,0491,promise,約束,noun,B,I made a promise to my friend.,私は友達と約束をしました。
492,word,0492,ray,光線・線,noun,B,A ray of sunlight came through the window.,一筋の日光が窓から差し込みました。
493,word,0493,road,道路,noun,B,This road goes to the station.,この道路は駅へ続いています。
494,word,0494,rule,規則・ルール,noun,B,Please follow the school rules.,学校の規則を守ってください。
495,word,0495,scientist,科学者,noun,B,She wants to be a scientist.,彼女は科学者になりたがっています。
496,word,0496,Spain,スペイン,noun,B,I want to visit Spain.,私はスペインを訪れたいです。
497,word,0497,stamp,切手,noun,B,I put a stamp on the letter.,私は手紙に切手を貼りました。
498,word,0498,star,星・スター,noun,B,We saw many stars in the sky.,私たちは空にたくさんの星を見ました。
499,word,0499,stomachache,腹痛,noun,B,I stayed home because I had a stomachache.,腹痛がしたので私は家にいました。
500,word,0500,sugar,砂糖,noun,B,Do you take sugar in your tea?,紅茶に砂糖を入れますか。
501,word,0501,wedding,結婚式,noun,B,We went to my cousin's wedding.,私たちはいとこの結婚式に行きました。
502,word,0502,city hall,市役所,noun,B,The city hall is near the station.,市役所は駅の近くにあります。
503,word,0503,age,年齢,noun,B,What is your age?,あなたの年齢はいくつですか。
504,word,0504,attention,注意,noun,B,Please pay attention in class.,授業中は注意を向けてください。
505,word,0505,bedroom,寝室,noun,B,My bedroom is small but comfortable.,私の寝室は小さいですが快適です。
506,word,0506,bottle,びん,noun,B,I bought a bottle of water.,私は水を1本買いました。
507,word,0507,business,仕事・商売,noun,B,Her father has a small business.,彼女の父は小さな商売をしています。
508,word,0508,Chicago,シカゴ,noun,B,My aunt lives in Chicago.,私のおばはシカゴに住んでいます。
509,word,0509,church,教会,noun,B,There is an old church in the town.,その町には古い教会があります。
510,word,0510,cloud,雲,noun,B,There are no clouds in the sky.,空には雲がありません。
511,word,0511,drama,ドラマ,noun,B,We watched a TV drama last night.,私たちは昨夜テレビドラマを見ました。
512,word,0512,ferry,フェリー,noun,B,We took a ferry to the island.,私たちは島までフェリーに乗りました。
513,word,0513,garage,ガレージ・車庫,noun,B,The car is in the garage.,車はガレージにあります。
514,word,0514,ground,地面・土地,noun,B,The ball fell to the ground.,ボールは地面に落ちました。
515,word,0515,hamburger,ハンバーガー,noun,B,I ate a hamburger for lunch.,私は昼食にハンバーガーを食べました。
516,word,0516,horror,恐怖・ホラー,noun,B,I don't like horror movies.,私はホラー映画が好きではありません。
517,word,0517,Internet,インターネット,noun,B,I found the information on the Internet.,私はインターネットでその情報を見つけました。
518,word,0518,line,線・列,noun,B,Please stand in a line.,列に並んでください。
519,word,0519,memory,記憶・思い出,noun,B,I have a good memory of the trip.,その旅行にはよい思い出があります。
520,word,0520,notice,通知・掲示,noun,B,I read the notice on the wall.,私は壁の掲示を読みました。
521,word,0521,package,小包・荷物,noun,B,A package arrived this morning.,今朝小包が届きました。
522,word,0522,painting,絵・絵画,noun,B,This painting is beautiful.,この絵は美しいです。
523,word,0523,passport,パスポート,noun,B,Don't forget your passport.,パスポートを忘れないでください。
524,word,0524,performer,演技者・出演者,noun,B,The performer came onto the stage.,出演者がステージに出てきました。
525,word,0525,reason,理由,noun,B,What is the reason for this?,この理由は何ですか。
526,word,0526,rock,ロック,noun,B,My brother likes rock music.,私の兄はロック音楽が好きです。
527,word,0527,Scotland,スコットランド,noun,B,She traveled around Scotland.,彼女はスコットランドを旅行しました。
528,word,0528,secret,秘密,noun,B,Can you keep a secret?,秘密を守れますか。
529,word,0529,sign,標識・看板・記号・サインする,noun,B,I saw a stop sign.,私は停止の標識を見ました。
530,word,0530,staff,職員・スタッフ,noun,B,The hotel staff were kind.,ホテルのスタッフは親切でした。
531,word,0531,statue,像,noun,B,There is a statue in the park.,公園に像があります。
532,word,0532,surprise,驚き,noun,B,The present was a big surprise.,そのプレゼントは大きな驚きでした。
533,word,0533,symbol,象徴,noun,B,The dove is a symbol of peace.,ハトは平和の象徴です。
534,word,0534,table tennis,卓球,noun,B,We play table tennis after school.,私たちは放課後に卓球をします。
535,word,0535,tooth,歯,noun,B,I have a bad tooth.,私は歯の調子が悪いです。
536,word,0536,war,戦争,noun,B,We learned about the war in class.,私たちは授業でその戦争について学びました。
537,word,0537,San Francisco,サンフランシスコ,noun,B,I want to visit San Francisco.,私はサンフランシスコを訪れたいです。
538,word,0538,convenience store,コンビニエンスストア,noun,B,I stopped at a convenience store.,私はコンビニエンスストアに寄りました。
539,word,0539,department store,デパート,noun,B,My mother works at a department store.,私の母はデパートで働いています。
540,word,0540,air,空気・空,noun,B,The air is fresh here.,ここの空気は新鮮です。
541,word,0541,apartment,アパート・マンション,noun,B,They live in an apartment.,彼らはアパートに住んでいます。
542,word,0542,astronaut,宇宙飛行士,noun,B,He wants to be an astronaut.,彼は宇宙飛行士になりたがっています。
543,word,0543,boxer,ボクサー,noun,B,The boxer trained every day.,そのボクサーは毎日練習しました。
544,word,0544,carrot,にんじん,noun,B,Rabbits like carrots.,ウサギはにんじんが好きです。
545,word,0545,classmate,クラスメイト,noun,B,She is my classmate.,彼女は私のクラスメイトです。
546,word,0546,corner,角,noun,B,Turn right at the corner.,その角を右に曲がってください。
547,word,0547,culture,文化,noun,B,I want to learn about Japanese culture.,私は日本文化について学びたいです。
548,word,0548,difference,違い,noun,B,I can see the difference.,私はその違いがわかります。
549,word,0549,ear,耳,noun,B,My left ear hurts.,左耳が痛みます。
550,word,0550,exercise,運動,noun,B,Exercise is good for your health.,運動は健康によいです。
551,word,0551,fan,ファン・うちわ,noun,B,I'm a fan of this team.,私はこのチームのファンです。
552,word,0552,fever,（病気の）熱,noun,B,I have a high fever.,私は高い熱があります。
553,word,0553,flag,旗,noun,B,The flag is flying in the wind.,旗が風になびいています。
554,word,0554,football,フットボール,noun,B,They play football after school.,彼らは放課後にフットボールをします。
555,word,0555,fry,（複数形で）フライドポテト・油で揚げる,noun,B,We ordered some fries.,私たちはフライドポテトを注文しました。
556,word,0556,head,頭,noun,B,My head hurts.,頭が痛いです。
557,word,0557,hero,英雄・ヒーロー,noun,B,The hero saved the town.,その英雄は町を救いました。
558,word,0558,hill,丘,noun,B,We walked up the hill.,私たちは丘を歩いて上りました。
559,word,0559,India,インド,noun,B,I want to travel to India.,私はインドへ旅行したいです。
560,word,0560,kilogram,キログラム,noun,B,This bag weighs one kilogram.,この袋は1キログラムあります。
561,word,0561,land,陸地・土地,noun,B,We could see land from the ship.,私たちは船から陸地を見ることができました。
562,word,0562,marathon,マラソン,noun,B,She ran a marathon last year.,彼女は昨年マラソンを走りました。
563,word,0563,million,100万・100万の,noun,B,The city has over a million people.,その都市には100万人を超える人がいます。
564,word,0564,mirror,鏡,noun,B,I looked at myself in the mirror.,私は鏡で自分を見ました。
565,word,0565,mistake,誤り・誤解する,noun,B,I made a mistake on the test.,私はテストで間違いをしました。
566,word,0566,noise,物音・騒音,noun,B,Please don't make so much noise.,そんなに騒音を立てないでください。
567,word,0567,opinion,意見,noun,B,What is your opinion?,あなたの意見は何ですか。
568,word,0568,Paris,パリ,noun,B,I hope to visit Paris someday.,私はいつかパリを訪れたいです。
569,word,0569,peach,もも,noun,B,This peach is sweet.,このももは甘いです。
570,word,0570,pocket,ポケット,noun,B,I put the key in my pocket.,私は鍵をポケットに入れました。
571,word,0571,police,警察,noun,B,The police arrived quickly.,警察はすぐに到着しました。
572,word,0572,pollution,汚染,noun,B,Air pollution is a serious problem.,大気汚染は深刻な問題です。
573,word,0573,Rome,ローマ,noun,B,Rome has many famous places.,ローマには有名な場所がたくさんあります。
574,word,0574,safe,金庫・安全な,noun,B,Please put the money in the safe.,お金を金庫に入れてください。
575,word,0575,salt,塩,noun,B,This soup needs a little salt.,このスープには少し塩が必要です。
576,word,0576,scissors,はさみ,noun,B,I cut the paper with scissors.,私ははさみで紙を切りました。
577,word,0577,section,区画・部分・部門,noun,B,Read the next section.,次の部分を読んでください。
578,word,0578,sneaker,スニーカー,noun,B,I bought a new pair of sneakers.,私は新しいスニーカーを1足買いました。
579,word,0579,sock,（短い）くつ下・ソックス,noun,B,I can't find my other sock.,もう片方のソックスが見つかりません。
580,word,0580,toast,トースト,noun,B,I had toast for breakfast.,私は朝食にトーストを食べました。
581,word,0581,Toronto,トロント,noun,B,My friend lives in Toronto.,私の友達はトロントに住んでいます。
582,word,0582,trouble,困ること・困難,noun,B,Please call me if you have trouble.,困ったことがあれば私に電話してください。
583,word,0583,cloudy,くもった,adjective,B,It is cloudy today.,今日はくもっています。
584,word,0584,important,重要な,adjective,B,This test is very important.,このテストはとても重要です。
585,word,0585,dangerous,危険な,adjective,B,It is dangerous to run here.,ここで走るのは危険です。
586,word,0586,fast,速い・速く,adjective,B,That train is very fast.,あの電車はとても速いです。
587,word,0587,professional,プロの・専門的な,adjective,B,She is a professional tennis player.,彼女はプロのテニス選手です。
588,word,0588,warm,暖かい・温かい,adjective,B,The room is warm.,その部屋は暖かいです。
589,word,0589,American,アメリカ(人)の・アメリカ人,adjective,B,He is an American student.,彼はアメリカ人の生徒です。
590,word,0590,exciting,わくわくさせる,adjective,B,The game was exciting.,その試合はわくわくするものでした。
591,word,0591,absent,不在で・欠席して,adjective,B,Ken was absent from school today.,ケンは今日学校を欠席しました。
592,word,0592,deep,深い,adjective,B,The lake is very deep.,その湖はとても深いです。
593,word,0593,funny,おかしな・おもしろい,adjective,B,That movie was funny.,その映画はおもしろかったです。
594,word,0594,interested,興味がある,adjective,B,I'm interested in science.,私は科学に興味があります。
595,word,0595,Mexican,メキシコ(人)の,adjective,B,We ate Mexican food.,私たちはメキシコ料理を食べました。
596,word,0596,Scottish,スコットランド(人)の,adjective,B,He learned about Scottish culture.,彼はスコットランド文化について学びました。
597,word,0597,true,本当の,adjective,B,Is this story true?,この話は本当ですか。
598,word,0598,wet,ぬれた,adjective,B,My shoes are wet.,私の靴はぬれています。
599,word,0599,wonderful,すばらしい,adjective,B,We had a wonderful time.,私たちはすばらしい時間を過ごしました。
600,word,0600,alone,ただひとりの・ひとりで,adjective,B,She lives alone.,彼女はひとりで暮らしています。
601,word,0601,clever,りこうな,adjective,B,She is a clever student.,彼女はりこうな生徒です。
602,word,0602,cute,かわいい,adjective,B,That puppy is very cute.,その子犬はとてもかわいいです。
603,word,0603,either,どちらの～でも・～もまた…ない,adjective,B,I don't like either one.,私はどちらも好きではありません。
604,word,0604,excellent,優れた・すばらしい,adjective,B,Your idea is excellent.,あなたの考えはすばらしいです。
605,word,0605,healthy,健康な・健康的な,adjective,B,Walking is a healthy habit.,歩くことは健康的な習慣です。
606,word,0606,Korean,韓国・朝鮮（人・語）の・韓国・朝鮮人・韓国・朝鮮語,adjective,B,I like Korean food.,私は韓国料理が好きです。
607,word,0607,pretty,かわいらしい・きれいな・かなり,adjective,B,She has a pretty dress.,彼女はかわいらしいドレスを持っています。
608,word,0608,real,本当の・現実の,adjective,B,Is that a real diamond?,それは本物のダイヤモンドですか。
609,word,0609,rich,金持ちの・豊かな,adjective,B,The country is rich in nature.,その国は自然が豊かです。
610,word,0610,blind,目の見えない,adjective,B,The blind man uses a cane.,その目の見えない男性はつえを使います。
611,word,0611,careful,注意深い,adjective,B,Be careful on the stairs.,階段では注意してください。
612,word,0612,heavy,重い,adjective,B,This box is very heavy.,この箱はとても重いです。
613,word,0613,loud,（声などが）大きい,adjective,B,The music is too loud.,その音楽は大きすぎます。
614,word,0614,nervous,緊張している,adjective,B,I was nervous before the test.,私はテストの前に緊張していました。
615,word,0615,snowy,雪の降る・雪の多い,adjective,B,It was a snowy morning.,雪の降る朝でした。
616,word,0616,strange,奇妙な,adjective,B,I heard a strange sound.,私は奇妙な音を聞きました。
617,word,0617,strong,強い,adjective,B,My brother is very strong.,私の兄はとても強いです。
618,word,0618,thirsty,のどのかわいた,adjective,B,I'm thirsty after running.,走った後でのどがかわいています。
619,word,0619,British,イギリス（人）の・イギリス人,adjective,B,He likes British music.,彼はイギリスの音楽が好きです。
620,word,0620,daily,日常の・毎日の,adjective,B,Exercise is part of my daily life.,運動は私の日常生活の一部です。
621,word,0621,dirty,汚い・汚れた,adjective,B,Your shoes are dirty.,あなたの靴は汚れています。
622,word,0622,European,ヨーロッパの,adjective,B,We studied European history.,私たちはヨーロッパの歴史を学びました。
623,word,0623,Indian,インド（人）の・インド人,adjective,B,We ate Indian food.,私たちはインド料理を食べました。
624,word,0624,quick,すばやい,adjective,B,She gave me a quick answer.,彼女はすばやく答えてくれました。
625,word,0625,quiet,静かな,adjective,B,Please be quiet in the library.,図書館では静かにしてください。
626,word,0626,shy,恥ずかしがりの,adjective,B,He is shy around new people.,彼は初対面の人の前では恥ずかしがりです。
627,word,0627,silent,静かな・沈黙した,adjective,B,The room became silent.,部屋は静かになりました。
628,word,0628,tall,（背が）高い,adjective,B,That building is very tall.,あの建物はとても高いです。
629,word,0629,traditional,伝統的な,adjective,B,This is a traditional Japanese dance.,これは日本の伝統的な踊りです。
630,word,0630,usual,いつもの・ふつうの,adjective,B,I took my usual train.,私はいつもの電車に乗りました。
631,word,0631,wide,（幅が）広い・幅が～ある,adjective,B,This river is very wide.,この川はとても幅が広いです。
632,word,0632,almost,ほとんど・もう少しで,adjective,B,I'm almost ready.,私はほとんど準備できています。
633,word,0633,else,そのほかに,adjective,B,Do you need anything else?,ほかに何か必要ですか。
634,word,0634,ever,今までに,adjective,B,Have you ever been to Kyoto?,今までに京都へ行ったことがありますか。
635,word,0635,anytime,いつでも,adjective,B,You can call me anytime.,いつでも私に電話していいですよ。
636,word,0636,everywhere,どこでも,adjective,B,I looked everywhere for my key.,私は鍵をどこでも探しました。
637,word,0637,someday,（未来の）いつか,adjective,B,I want to visit Canada someday.,私はいつかカナダを訪れたいです。
638,word,0638,easily,簡単に,adjective,B,I finished the work easily.,私はその仕事を簡単に終えました。
639,word,0639,abroad,外国に,adjective,B,She wants to study abroad.,彼女は外国で勉強したがっています。
640,word,0640,anywhere,どこへでも・どこにも～ない・どこかに,adjective,B,You can sit anywhere.,どこに座ってもいいですよ。
641,word,0641,certainly,確かに,adjective,B,I will certainly help you.,私は確かにあなたを助けます。
642,word,0642,inside,内側に・～の中に・内側,adjective,B,Let's wait inside.,中で待ちましょう。
643,word,0643,straight,まっすぐに,adjective,B,Go straight for two blocks.,2区画まっすぐ進んでください。
644,word,0644,cheaply,安く,adjective,B,I bought it cheaply.,私はそれを安く買いました。
645,word,0645,however,しかしながら,adjective,B,"It was raining; however, we went out.",雨が降っていました。しかし、私たちは出かけました。
646,word,0646,while,～する間に・しばらくの間,adjective,B,I listened to music while I studied.,私は勉強している間、音楽を聞きました。
647,word,0647,anyone,だれか・だれも～ない,adjective,B,Does anyone know the answer?,だれか答えを知っていますか。
648,word,0648,someone,だれか,adjective,B,Someone is at the door.,だれかがドアのところにいます。
649,word,0649,wow,うわー・まあ,adjective,B,"Wow, that's amazing!",うわー、それはすごいですね！
650,word,0650,U.S.,（theをつけて）アメリカ合衆国,adjective,B,He lives in the U.S.,彼はアメリカ合衆国に住んでいます。
651,word,0651,cancel,取り消す・キャンセルする,verb,C,We had to cancel the game.,私たちは試合を中止しなければなりませんでした。
652,word,0652,exchange,交換する,verb,C,Let's exchange phone numbers.,電話番号を交換しましょう。
653,word,0653,explain,説明する,verb,C,Can you explain this rule?,この規則を説明してくれますか。
654,word,0654,fight,戦う・闘う・戦い,verb,C,The two teams fought hard.,2つのチームは懸命に戦いました。
655,word,0655,fit,（サイズなどが）合う・ぴったり合う,verb,C,These shoes fit me well.,この靴は私にぴったり合います。
656,word,0656,fix,直す・固定する,verb,C,Can you fix my bike?,私の自転車を直してくれますか。
657,word,0657,kick,ける,verb,C,He kicked the ball.,彼はボールをけりました。
658,word,0658,protect,保護する・守る,verb,C,We must protect the environment.,私たちは環境を守らなければなりません。
659,word,0659,mean,意味する,verb,C,What does this word mean?,この単語はどういう意味ですか。
660,word,0660,recycle,リサイクルする,verb,C,We recycle cans and bottles.,私たちは缶やびんをリサイクルします。
661,word,0661,share,分け合う・共有する,verb,C,Let's share this cake.,このケーキを分け合いましょう。
662,word,0662,shut,閉める・閉じる,verb,C,Please shut the door.,ドアを閉めてください。
663,word,0663,add,加える,verb,C,Add some sugar to the tea.,紅茶に砂糖を少し加えてください。
664,word,0664,attack,攻撃する・攻撃,verb,C,The dog did not attack anyone.,その犬はだれも攻撃しませんでした。
665,word,0665,continue,続ける,verb,C,Please continue your story.,話を続けてください。
666,word,0666,control,コントロールする・管理する,verb,C,She can control the machine.,彼女はその機械を操作できます。
667,word,0667,expect,期待する,verb,C,I expect him to come soon.,私は彼がすぐ来ると思っています。
668,word,0668,hang,掛ける・ぶら下がる,verb,C,Hang your coat here.,ここにコートを掛けてください。
669,word,0669,kill,殺す,verb,C,The cold can kill some plants.,寒さで枯れる植物もあります。
670,word,0670,knock,ノックする,verb,C,Please knock before you enter.,入る前にノックしてください。
671,word,0671,oversleep,寝すごす・寝ぼうする,verb,C,I overslept this morning.,私は今朝寝ぼうしました。
672,word,0672,shock,ショックを与える・衝撃・ショック,verb,C,The news shocked everyone.,その知らせはみんなにショックを与えました。
673,word,0673,spell,（単語を）つづる,verb,C,How do you spell your name?,あなたの名前はどうつづりますか。
674,word,0674,waste,むだにする・むだ・廃棄物,verb,C,Don't waste water.,水をむだにしないでください。
675,word,0675,wrestle,レスリングをする・格闘する,verb,C,They wrestle after school.,彼らは放課後にレスリングをします。
676,word,0676,attend,出席する,verb,C,I will attend the meeting.,私はその会議に出席します。
677,word,0677,cheer,元気づける,verb,C,We cheered our team.,私たちは自分たちのチームを応援しました。
678,word,0678,design,設計する・デザイン,verb,C,She designed this poster.,彼女がこのポスターをデザインしました。
679,word,0679,hate,大嫌いだ・にくむ,verb,C,I hate getting up early.,私は早起きが大嫌いです。
680,word,0680,jump,とぶ・ジャンプする,verb,C,The cat jumped onto the table.,その猫はテーブルの上に飛び乗りました。
681,word,0681,print,印刷する,verb,C,Please print this page.,このページを印刷してください。
682,word,0682,publish,出版する・発行する,verb,C,They publish a magazine every month.,彼らは毎月雑誌を発行します。
683,word,0683,pull,引く・引っ張る,verb,C,Pull the door toward you.,ドアを手前に引いてください。
684,word,0684,shout,さけぶ,verb,C,Don't shout in the classroom.,教室でさけばないでください。
685,word,0685,rise,上がる・昇る,verb,C,The sun rises in the east.,太陽は東から昇ります。
686,word,0686,spread,広がる・広まる・広げる,verb,C,The news spread quickly.,その知らせはすぐに広まりました。
687,word,0687,community,地域社会・共同体,noun,C,Our community has a summer festival.,私たちの地域社会には夏祭りがあります。
688,word,0688,pen pal,ペンパル・文通友だち,noun,C,I have a pen pal in Canada.,私にはカナダに文通友だちがいます。
689,word,0689,teachers' room,職員室,noun,C,The teacher is in the teachers' room.,先生は職員室にいます。
690,word,0690,advice,助言・アドバイス,noun,C,Thank you for your advice.,アドバイスをありがとう。
691,word,0691,capital,首都,noun,C,Tokyo is the capital of Japan.,東京は日本の首都です。
692,word,0692,cloth,布,noun,C,She cleaned the table with a cloth.,彼女は布でテーブルをふきました。
693,word,0693,comedy,喜劇・コメディー,noun,C,We watched a comedy last night.,私たちは昨夜コメディーを見ました。
694,word,0694,forest,森,noun,C,Many animals live in the forest.,たくさんの動物が森に住んでいます。
695,word,0695,fridge,冷蔵庫,noun,C,The milk is in the fridge.,牛乳は冷蔵庫の中にあります。
696,word,0696,goal,ゴール・目標,noun,C,My goal is to become a doctor.,私の目標は医者になることです。
697,word,0697,grove,小さな森,noun,C,We walked through a small grove.,私たちは小さな森を歩きました。
698,word,0698,interview,面接・インタビュー,noun,C,I have an interview tomorrow.,私は明日面接があります。
699,word,0699,jeans,ジーンズ,noun,C,She is wearing blue jeans.,彼女は青いジーンズをはいています。
700,word,0700,machine,機械,noun,C,This machine is easy to use.,この機械は使いやすいです。
701,word,0701,manager,経営者・責任者・マネージャー,noun,C,I read about manager in a book.,私は本で「manager」について読みました。
702,word,0702,meal,食事,noun,C,I learned the word meal today.,私は今日「meal」という単語を学びました。
703,word,0703,menu,メニュー,noun,C,We used menu in class.,私たちは授業で「menu」を使いました。
704,word,0704,middle,真ん中・真ん中の,noun,C,I read about middle in a book.,私は本で「middle」について読みました。
705,word,0705,mind,心・精神,noun,C,I learned the word mind today.,私は今日「mind」という単語を学びました。
706,word,0706,photographer,写真家,noun,C,We used photographer in class.,私たちは授業で「photographer」を使いました。
707,word,0707,power,力・エネルギー,noun,C,I read about power in a book.,私は本で「power」について読みました。
708,word,0708,shrine,神社,noun,C,I learned the word shrine today.,私は今日「shrine」という単語を学びました。
709,word,0709,smartphone,スマートフォン,noun,C,We used smartphone in class.,私たちは授業で「smartphone」を使いました。
710,word,0710,snake,ヘビ,noun,C,I read about snake in a book.,私は本で「snake」について読みました。
711,word,0711,tuna,マグロ・ツナ,noun,C,I learned the word tuna today.,私は今日「tuna」という単語を学びました。
712,word,0712,weekday,平日,noun,C,We used weekday in class.,私たちは授業で「weekday」を使いました。
713,word,0713,wood,木材・森,noun,C,I read about wood in a book.,私は本で「wood」について読みました。
714,word,0714,comic book,マンガ本,noun,C,I learned the word comic book today.,私は今日「comic book」という単語を学びました。
715,word,0715,French fries,フライドポテト,noun,C,We used French fries in class.,私たちは授業で「French fries」を使いました。
716,word,0716,Paralympic Games,パラリンピック大会,noun,C,I read about Paralympic Games in a book.,私は本で「Paralympic Games」について読みました。
717,word,0717,action,行動・動作,noun,C,I learned the word action today.,私は今日「action」という単語を学びました。
718,word,0718,address,住所・アドレス,noun,C,We used address in class.,私たちは授業で「address」を使いました。
719,word,0719,adventure,冒険,noun,C,I read about adventure in a book.,私は本で「adventure」について読みました。
720,word,0720,airplane,飛行機,noun,C,I learned the word airplane today.,私は今日「airplane」という単語を学びました。
721,word,0721,alarm,目覚まし時計・警報,noun,C,We used alarm in class.,私たちは授業で「alarm」を使いました。
722,word,0722,amusement,おかしさ・楽しみ,noun,C,I read about amusement in a book.,私は本で「amusement」について読みました。
723,word,0723,Asia,アジア,noun,C,I learned the word Asia today.,私は今日「Asia」という単語を学びました。
724,word,0724,bakery,パン店,noun,C,We used bakery in class.,私たちは授業で「bakery」を使いました。
725,word,0725,beginner,初心者,noun,C,I read about beginner in a book.,私は本で「beginner」について読みました。
726,word,0726,Belgium,ベルギー,noun,C,I learned the word Belgium today.,私は今日「Belgium」という単語を学びました。
727,word,0727,billion,10億・10億の,noun,C,We used billion in class.,私たちは授業で「billion」を使いました。
728,word,0728,body,体,noun,C,I read about body in a book.,私は本で「body」について読みました。
729,word,0729,button,ボタン,noun,C,I learned the word button today.,私は今日「button」という単語を学びました。
730,word,0730,cartoon,まんが・アニメ,noun,C,We used cartoon in class.,私たちは授業で「cartoon」を使いました。
731,word,0731,centimeter,センチ（メートル）,noun,C,I read about centimeter in a book.,私は本で「centimeter」について読みました。
732,word,0732,circle,円,noun,C,I learned the word circle today.,私は今日「circle」という単語を学びました。
733,word,0733,costume,服装・衣装,noun,C,We used costume in class.,私たちは授業で「costume」を使いました。
734,word,0734,county,郡,noun,C,I read about county in a book.,私は本で「county」について読みました。
735,word,0735,court,（テニスなどの）コート,noun,C,I learned the word court today.,私は今日「court」という単語を学びました。
736,word,0736,director,（映画の）監督・演出家,noun,C,We used director in class.,私たちは授業で「director」を使いました。
737,word,0737,district,地域・地方,noun,C,I read about district in a book.,私は本で「district」について読みました。
738,word,0738,drugstore,ドラッグストア,noun,C,I learned the word drugstore today.,私は今日「drugstore」という単語を学びました。
739,word,0739,Egypt,エジプト,noun,C,We used Egypt in class.,私たちは授業で「Egypt」を使いました。
740,word,0740,example,例,noun,C,I read about example in a book.,私は本で「example」について読みました。
741,word,0741,fact,事実,noun,C,I learned the word fact today.,私は今日「fact」という単語を学びました。
742,word,0742,field,畑・野原・競技場,noun,C,We used field in class.,私たちは授業で「field」を使いました。
743,word,0743,figure,図・形・数,noun,C,I read about figure in a book.,私は本で「figure」について読みました。
744,word,0744,firework,花火,noun,C,I learned the word firework today.,私は今日「firework」という単語を学びました。
745,word,0745,gate,門,noun,C,We used gate in class.,私たちは授業で「gate」を使いました。
746,word,0746,ghost,幽霊・お化け,noun,C,I read about ghost in a book.,私は本で「ghost」について読みました。
747,word,0747,gold,金,noun,C,I learned the word gold today.,私は今日「gold」という単語を学びました。
748,word,0748,Greece,ギリシャ,noun,C,We used Greece in class.,私たちは授業で「Greece」を使いました。
749,word,0749,guest,（招待）客,noun,C,I read about guest in a book.,私は本で「guest」について読みました。
750,word,0750,guide,案内人・案内する,noun,C,I learned the word guide today.,私は今日「guide」という単語を学びました。
751,word,0751,habit,（個人の）習慣,noun,C,We used habit in class.,私たちは授業で「habit」を使いました。
752,word,0752,host,（客などをもてなす）主人,noun,C,I read about host in a book.,私は本で「host」について読みました。
753,word,0753,human,人間・人間の,noun,C,I learned the word human today.,私は今日「human」という単語を学びました。
754,word,0754,Indonesia,インドネシア,noun,C,We used Indonesia in class.,私たちは授業で「Indonesia」を使いました。
755,word,0755,jazz,ジャズ,noun,C,I read about jazz in a book.,私は本で「jazz」について読みました。
756,word,0756,judge,審査員,noun,C,I learned the word judge today.,私は今日「judge」という単語を学びました。
757,word,0757,list,リスト,noun,C,We used list in class.,私たちは授業で「list」を使いました。
758,word,0758,market,市場,noun,C,I read about market in a book.,私は本で「market」について読みました。
759,word,0759,meter,メートル,noun,C,I learned the word meter today.,私は今日「meter」という単語を学びました。
760,word,0760,midnight,真夜中,noun,C,We used midnight in class.,私たちは授業で「midnight」を使いました。
761,word,0761,moment,ちょっとの間・瞬間,noun,C,I read about moment in a book.,私は本で「moment」について読みました。
762,word,0762,necklace,ネックレス,noun,C,I learned the word necklace today.,私は今日「necklace」という単語を学びました。
763,word,0763,performance,演技・演奏,noun,C,We used performance in class.,私たちは授業で「performance」を使いました。
764,word,0764,planet,惑星,noun,C,I read about planet in a book.,私は本で「planet」について読みました。
765,word,0765,pond,池,noun,C,I learned the word pond today.,私は今日「pond」という単語を学びました。
766,word,0766,president,大統領・社長・学長,noun,C,We used president in class.,私たちは授業で「president」を使いました。
767,word,0767,production,生産（高）,noun,C,I read about production in a book.,私は本で「production」について読みました。
768,word,0768,recipe,調理法、レシピ,noun,C,I learned the word recipe today.,私は今日「recipe」という単語を学びました。
769,word,0769,reporter,報道記者、レポーター,noun,C,We used reporter in class.,私たちは授業で「reporter」を使いました。
770,word,0770,robot,ロボット,noun,C,I read about robot in a book.,私は本で「robot」について読みました。
単語-771-salesclerk,単語,771,salesclerk,（売り場の）店員、販売員,名詞,C,The salesclerk helped me find a shirt.,販売員がシャツを探すのを手伝ってくれました。
単語-772-seafood,単語,772,seafood,シーフード、魚介類,名詞,C,seafood spaghetti,シーフードスパゲティ
単語-773-sentence,単語,773,sentence,文,名詞,C,Please write one sentence in English.,英語で1つ文を書いてください。
単語-774-sheet,単語,774,sheet,（紙などの）1枚、シーツ,名詞,C,a sheet of paper,1枚の紙
単語-775-stew,単語,775,stew,シチュー,名詞,C,vegetable stew,野菜シチュー
単語-776-suit,単語,776,suit,スーツ,名詞,C,wear a suit,スーツを着ている
単語-777-sunlight,単語,777,sunlight,日光,名詞,C,The room was full of sunlight.,その部屋は日光でいっぱいでした。
単語-778-tourist,単語,778,tourist,観光客,名詞,C,A tourist asked me the way to the station.,観光客が私に駅への道をたずねました。
単語-779-tradition,単語,779,tradition,伝統,名詞,C,Afternoon tea is an English tradition.,アフタヌーン・ティーはイギリスの伝統です。
単語-780-traveler,単語,780,traveler,旅行者,名詞,C,The traveler carried a small bag.,その旅行者は小さなバッグを持っていました。
単語-781-wing,単語,781,wing,つばさ,名詞,C,The bird hurt its wing.,その鳥はつばさをけがしました。
単語-782-youth,単語,782,youth,若いころ、若さ,名詞,C,the national youth team,国代表のユースチーム
単語-783-activity,単語,783,activity,活動,名詞,C,club activities,クラブ活動
単語-784-ankle,単語,784,ankle,足首,名詞,C,He broke his ankle.,彼は足首を骨折しました。
単語-785-arm,単語,785,arm,腕,名詞,C,My arm hurts today.,今日は腕が痛いです。
単語-786-beef,単語,786,beef,牛肉,名詞,C,go straight two blocks,2ブロックまっすぐ行く
単語-787-block,単語,787,block,ブロック、区画,名詞,C,The bank is two blocks from here.,銀行はここから2区画先です。
単語-788-bookcase,単語,788,bookcase,本箱,名詞,C,My books are in the bookcase.,私の本は本箱に入っています。
単語-789-boss,単語,789,boss,（会社の）上司,名詞,C,My boss is very kind.,私の上司はとても親切です。
単語-790-bowl,単語,790,bowl,はち、ボウル,名詞,C,Put some eggs in a bowl.,ボウルに卵を入れてください。
単語-791-Brazil,単語,791,Brazil,ブラジル,名詞,C,My friend lives in Brazil.,私の友だちはブラジルに住んでいます。
単語-792-bridge,単語,792,bridge,橋,名詞,C,build a bridge,橋を造る
単語-793-calendar,単語,793,calendar,カレンダー,名詞,C,I wrote the date on my calendar.,私はカレンダーに日付を書きました。
単語-794-candle,単語,794,candle,ろうそく,名詞,C,She put a candle on the cake.,彼女はケーキにろうそくを立てました。
単語-795-ceiling,単語,795,ceiling,天井,名詞,C,There is a light on the ceiling.,天井に明かりがあります。
単語-796-ceremony,単語,796,ceremony,儀式,名詞,C,tea ceremonies,茶道
単語-797-chopsticks,単語,797,chopsticks,（食事用の）はし,名詞,C,a pair of chopsticks,1ぜんのはし
単語-798-clerk,単語,798,clerk,店員,名詞,C,The clerk showed me the shoes.,店員が私にその靴を見せてくれました。
単語-799-closet,単語,799,closet,クローゼット、押入れ,名詞,C,My coat is in the closet.,私のコートはクローゼットの中にあります。
単語-800-clothing,単語,800,clothing,衣料品,名詞,C,This store sells children's clothing.,この店は子ども用の衣料品を売っています。
単語-801-decoration,単語,801,decoration,飾りつけ、装飾,名詞,C,We made a decoration for the party.,私たちはパーティーの飾りを作りました。
単語-802-deer,単語,802,deer,シカ,名詞,C,We saw a deer in the forest.,私たちは森でシカを見ました。
単語-803-diamond,単語,803,diamond,ダイヤモンド,名詞,C,Her ring has a small diamond.,彼女の指輪には小さなダイヤモンドがついています。
単語-804-discount,単語,804,discount,割引、値引き,名詞,C,a 10% discount,10パーセント引き
単語-805-distance,単語,805,distance,距離、遠距離,名詞,C,a long distance,長距離
単語-806-documentary,単語,806,documentary,ドキュメンタリー番組［映画］,名詞,C,a documentary movie,ドキュメンタリー映画
単語-807-doghouse,単語,807,doghouse,犬小屋,名詞,C,The dog is sleeping in its doghouse.,その犬は犬小屋で寝ています。
単語-808-driver,単語,808,driver,運転手,名詞,C,a driver's test,運転免許試験
単語-809-exit,単語,809,exit,出口,名詞,C,Where is the exit?,出口はどこですか。
単語-810-fee,単語,810,fee,料金,名詞,C,a school fee,授業料
単語-811-finger,単語,811,finger,（手の）指,名詞,C,I cut my finger while cooking.,料理中に指を切りました。
単語-812-flute,単語,812,flute,フルート,名詞,C,play the flute,フルートを演奏する
単語-813-glue,単語,813,glue,接着剤、のり,名詞,C,I used glue to fix the box.,私は箱を直すためにのりを使いました。
単語-814-grave,単語,814,grave,墓,名詞,C,There were flowers by the grave.,墓のそばに花がありました。
単語-815-Greek,単語,815,Greek,ギリシャ語、ギリシャ人,名詞,C,He can speak Greek.,彼はギリシャ語を話すことができます。
単語-816-happiness,単語,816,happiness,幸福,名詞,C,His present brought happiness to me.,彼のプレゼントは私に幸せをもたらしました。
単語-817-horizon,単語,817,horizon,地平線、水平線,名詞,C,The sun disappeared below the horizon.,太陽が地平線の下に沈みました。
単語-818-humor,単語,818,humor,ユーモア、おかしみ,名詞,C,His stories are full of humor.,彼の話はユーモアにあふれています。
単語-819-hurricane,単語,819,hurricane,ハリケーン,名詞,C,The hurricane damaged many houses.,そのハリケーンは多くの家に被害を与えました。
単語-820-imagination,単語,820,imagination,想像（力）,名詞,C,Use your imagination and draw a picture.,想像力を使って絵を描いてください。
単語-821-instrument,単語,821,instrument,楽器,名詞,C,a musical instrument,楽器
単語-822-interest,単語,822,interest,興味,名詞,C,He showed interest in the job.,彼はその仕事に興味を示しました。
単語-823-jacket,単語,823,jacket,ジャケット、上着,名詞,C,I wore a jacket because it was cold.,寒かったのでジャケットを着ました。
単語-824-kid,単語,824,kid,子ども,名詞,C,The kid is playing with a ball.,その子どもはボールで遊んでいます。
単語-825-limit,単語,825,limit,限度、限界,名詞,C,There is a limit to how much we can carry.,私たちが運べる量には限界があります。
単語-826-mailbox,単語,826,mailbox,郵便受け,名詞,C,He checks the mailbox every day.,彼は郵便受けを毎日チェックします。
単語-827-medicine,単語,827,medicine,薬,名詞,C,medicine for a headache,頭痛薬
単語-828-melody,単語,828,melody,メロディー,名詞,C,I know the melody of this song.,私はこの歌のメロディーを知っています。
単語-829-mile,単語,829,mile,マイル（長さの単位）,名詞,C,go 25 miles,25マイル行く
単語-830-mouse,単語,830,mouse,ネズミ,名詞,C,A mouse ran across the floor.,ネズミが床を走っていきました。
単語-831-neighbor,単語,831,neighbor,隣人、近所の人,名詞,C,my neighbor,私の隣人
単語-832-officer,単語,832,officer,役人、係官、警察官,名詞,C,a police officer,警察官
単語-833-Olympics,単語,833,Olympics,（the Olympicsで）国際オリンピック大会,名詞,C,She wants to compete in the Olympics.,彼女はオリンピックに出場したいと思っています。
単語-834-oven,単語,834,oven,オーブン,名詞,C,The cake is in the oven.,ケーキはオーブンの中にあります。
単語-835-pancake,単語,835,pancake,パンケーキ,名詞,C,I ate a pancake for breakfast.,私は朝食にパンケーキを食べました。
単語-836-peace,単語,836,peace,平和,名詞,C,live in peace,平和に暮らす
単語-837-pepper,単語,837,pepper,コショウ,名詞,C,Please put some pepper on the soup.,スープにコショウを少しかけてください。
単語-838-percent,単語,838,percent,パーセント,名詞,C,Everything is thirty percent off today.,今日は全品30パーセント引きです。
単語-839-playground,単語,839,playground,運動場、遊び場,名詞,C,The children are playing in the playground.,子どもたちは運動場で遊んでいます。
単語-840-point,単語,840,point,点,名詞,C,He got one point in the game.,彼はその試合で1点取りました。
単語-841-pork,単語,841,pork,ぶた肉,名詞,C,We had pork for dinner.,私たちは夕食にぶた肉を食べました。
単語-842-principal,単語,842,principal,校長,名詞,C,The principal spoke to the students.,校長先生が生徒たちに話をしました。
単語-843-program,単語,843,program,番組、プログラム,名詞,C,a TV program,テレビ番組
単語-844-puppy,単語,844,puppy,子犬,名詞,C,The puppy is sleeping under the table.,その子犬はテーブルの下で寝ています。
単語-845-quiz,単語,845,quiz,クイズ,名詞,C,We had a short quiz in class.,授業で短いクイズがありました。
単語-846-radio,単語,846,radio,ラジオ,名詞,C,listen to the radio,ラジオを聞く
単語-847-ring,単語,847,ring,輪、指輪・鳴る,名詞,C,She wears a silver ring.,彼女は銀の指輪をしています。
単語-848-safety,単語,848,safety,安全,名詞,C,Safety is important when you ride a bike.,自転車に乗るときは安全が大切です。
単語-849-sausage,単語,849,sausage,ソーセージ,名詞,C,I had sausage and eggs for breakfast.,私は朝食にソーセージと卵を食べました。
単語-850-scene,単語,850,scene,場面,名詞,C,scenes from famous movies,有名な映画の場面
単語-851-shape,単語,851,shape,形,名詞,C,the shape of bananas,バナナの形
単語-852-side,単語,852,side,側面,名詞,C,on the left side,左側に
単語-853-sightseeing,単語,853,sightseeing,観光,名詞,C,go sightseeing,観光に行く
単語-854-Singapore,単語,854,Singapore,シンガポール,名詞,C,My uncle works in Singapore.,私のおじはシンガポールで働いています。
単語-855-smile,単語,855,smile,ほほえみ・ほほえむ,名詞,C,She gave me a big smile.,彼女は私に大きなほほえみを見せました。
単語-856-softball,単語,856,softball,ソフトボール,名詞,C,softball practice,ソフトボールの練習
単語-857-souvenir,単語,857,souvenir,みやげ、記念品,名詞,C,a souvenir from Italy,イタリアのみやげ
単語-858-stage,単語,858,stage,舞台,名詞,C,The singer walked onto the stage.,その歌手は舞台に上がりました。
単語-859-step,単語,859,step,歩み・歩く,名詞,C,Please take one step forward.,一歩前に出てください。
単語-860-stomach,単語,860,stomach,胃、腹,名詞,C,My stomach hurts.,胃が痛い。
単語-861-success,単語,861,success,成功,名詞,C,a big success,大成功
単語-862-telephone,単語,862,telephone,電話,名詞,C,talk on the telephone,電話で話す
単語-863-temple,単語,863,temple,寺,名詞,C,We visited an old temple in Kyoto.,私たちは京都で古い寺を訪れました。
単語-864-toilet,単語,864,toilet,トイレ、洗面所,名詞,C,"Excuse me, where is the toilet?",すみません、トイレはどこですか。
単語-865-traffic,単語,865,traffic,交通,名詞,C,a traffic light,交通信号
単語-866-trash,単語,866,trash,ごみ、くず,名詞,C,Put your trash in this box.,この箱にごみを入れてください。
単語-867-turkey,単語,867,turkey,シチメンチョウ,名詞,C,cook a turkey,シチメンチョウを料理する
単語-868-turtle,単語,868,turtle,カメ,名詞,C,The turtle moved very slowly.,そのカメはとてもゆっくり動きました。
単語-869-typhoon,単語,869,typhoon,台風,名詞,C,A typhoon is coming.,台風が近づいています。
単語-870-view,単語,870,view,ながめ、物の見方,名詞,C,a view of the town,町のながめ
単語-871-village,単語,871,village,村,名詞,C,a hospital in a village,村の中にある病院
単語-872-voice,単語,872,voice,声,名詞,C,I heard a voice behind me.,私は後ろから声が聞こえました。
単語-873-wind,単語,873,wind,風,名詞,C,the cold wind,冷たい風
単語-874-bright,単語,874,bright,かがやいている、明るい,形容詞副詞,C,The sun was too bright.,太陽が明るすぎました。
単語-875-cool,単語,875,cool,すずしい,形容詞副詞,C,"It was sunny, but cool.",晴れていましたが、すずしかった。
単語-876-dark,単語,876,dark,暗い,形容詞副詞,C,Come home before it gets dark.,暗くなる前に家に帰りなさい。
単語-877-familiar,単語,877,familiar,よく知られた、なじみのある,形容詞副詞,C,a familiar face,なじみのある顔
単語-878-fresh,単語,878,fresh,新鮮な,形容詞副詞,C,fresh fruit,新鮮な果物
単語-879-friendly,単語,879,friendly,友好的な、気さくな,形容詞副詞,C,Jason is very friendly.,ジェイソンはとても気さくです。
単語-880-international,単語,880,international,国際的な,形容詞副詞,C,an international airport,国際空港
単語-881-less,単語,881,less,より少ない,形容詞副詞,C,less than forty,40未満
単語-882-national,単語,882,national,国の、国民の,形容詞副詞,C,He played for the national team.,彼は国の代表チームとしてプレーしました。
単語-883-peaceful,単語,883,peaceful,平和な,形容詞副詞,C,The country is peaceful.,その国は平和です。
単語-884-perfect,単語,884,perfect,完全な、完璧な,形容詞副詞,C,Your English is perfect.,あなたの英語は完璧です。
単語-885-plastic,単語,885,plastic,プラスチックの,形容詞副詞,C,a plastic model of a car,車のプラモデル
単語-886-possible,単語,886,possible,可能な、ありうる,形容詞副詞,C,Is it possible to finish this today?,これを今日終えることは可能ですか。
単語-887-public,単語,887,public,公共の,形容詞副詞,C,a public library,公共図書館
単語-888-scary,単語,888,scary,こわい、おそろしい,形容詞副詞,C,a scary movie,こわい映画
単語-889-short,単語,889,short,短い、（背が）低い,形容詞副詞,C,a short message,短いメッセージ
単語-890-sleepy,単語,890,sleepy,眠い,形容詞副詞,C,You look sleepy.,あなたは眠そうです。
単語-891-asleep,単語,891,asleep,眠って,形容詞副詞,C,fall asleep,眠りに落ちる
単語-892-boring,単語,892,boring,つまらない、退屈な,形容詞副詞,C,Is fishing boring?,釣りは退屈ですか。
単語-893-lucky,単語,893,lucky,幸運な,形容詞副詞,C,You are lucky.,あなたは幸運です。
単語-894-narrow,単語,894,narrow,（幅が）せまい,形容詞副詞,C,a narrow street,せまい通り
単語-895-necessary,単語,895,necessary,必要な,形容詞副詞,C,No experience necessary.,経験不要。
単語-896-part-time,単語,896,part-time,パート（タイム）の,形容詞副詞,C,My sister has a part-time job at a cafe.,私の姉はカフェでパートの仕事をしています。
単語-897-Portuguese,単語,897,Portuguese,ポルトガル（人・語）の,形容詞副詞,C,They speak Portuguese in Brazil.,ブラジルではポルトガル語が話されています。
単語-898-simple,単語,898,simple,簡単な、質素な,形容詞副詞,C,a simple melody,単純なメロディ
単語-899-smart,単語,899,smart,りこうな,形容詞副詞,C,My dog isn't smart.,私のイヌはりこうではありません。
単語-900-social,単語,900,social,社会の,形容詞副詞,C,social studies,社会科
単語-901-sweet,単語,901,sweet,あまい,形容詞副詞,C,The cake was very sweet.,そのケーキはとてもあまかった。
単語-902-terrible,単語,902,terrible,ひどい、おそろしい,形容詞副詞,C,The weather was terrible yesterday.,きのうは天気がひどかった。
単語-903-thick,単語,903,thick,厚い、（液体などが）濃い,形容詞副詞,C,a thick book,厚い本
単語-904-upset,単語,904,upset,気を悪くした、動揺した,形容詞副詞,C,feel upset,気を悪くする、怒る
単語-905-useful,単語,905,useful,役に立つ,形容詞副詞,C,a useful machine,便利な機械
単語-906-weak,単語,906,weak,弱い,形容詞副詞,C,a weak voice,弱々しい声
単語-907-worst,単語,907,worst,最も悪い（badの最上級）,形容詞副詞,C,the worst speech at the speech contest,スピーチコンテストで最も悪いスピーチ
単語-908-classical,単語,908,classical,古典の、クラシックの,形容詞副詞,C,classical music,クラシック音楽
単語-909-clear,単語,909,clear,明白な、晴れた、澄んだ,形容詞副詞,C,clear water,澄んだ水
単語-910-common,単語,910,common,共通の、ありふれた,形容詞副詞,C,Use English as a common language.,英語を共通語として使う
単語-911-correct,単語,911,correct,正しい、正確な,形容詞副詞,C,the correct answer,正しい答え
単語-912-enjoyable,単語,912,enjoyable,楽しい、おもしろい,形容詞副詞,C,an enjoyable experience,楽しい経験
単語-913-foreign,単語,913,foreign,外国の,形容詞副詞,C,foreign visitors,外国からの訪問客
単語-914-helpful,単語,914,helpful,役に立つ,形容詞副詞,C,helpful advice,役立つアドバイス
単語-915-local,単語,915,local,地元の、その地域の,形容詞副詞,C,local news,地元のニュース
単語-916-musical,単語,916,musical,音楽の、音楽的な,形容詞副詞,C,a musical performance,音楽の演奏
単語-917-natural,単語,917,natural,自然の,形容詞副詞,C,the natural environment,自然環境
単語-918-rental,単語,918,rental,レンタルの,形容詞副詞,C,a video rental shop,ビデオレンタル店
単語-919-scared,単語,919,scared,こわがった,形容詞副詞,C,I am scared to watch this movie.,この映画を見るのはこわい。
単語-920-several,単語,920,several,いくつかの,形容詞副詞,C,for several months,数か月間
単語-921-sharp,単語,921,sharp,するどい,形容詞副詞,C,sharp teeth,するどい歯
単語-922-thin,単語,922,thin,薄い、やせた,形容詞副詞,C,a thin coat,薄いコート
単語-923-unusual,単語,923,unusual,ふつうでない,形容詞副詞,C,It is unusual for me to eat Japanese food.,私が和食を食べるのはめずらしい。
単語-924-whole,単語,924,whole,全体の,形容詞副詞,C,her whole life,彼女の生涯ずっと
単語-925-worse,単語,925,worse,より悪い,形容詞副詞,C,The weather got worse.,天気はより悪くなりました。
単語-926-total,単語,926,total,合計の,形容詞副詞,C,the total number of car accidents,自動車事故の総数
単語-927-probably,単語,927,probably,たぶん、おそらく,形容詞副詞,C,He will probably come here.,彼はたぶんここに来るでしょう。
単語-928-quickly,単語,928,quickly,すばやく,形容詞副詞,C,The dog ran away quickly.,そのイヌはすばやく逃げました。
単語-929-badly,単語,929,badly,ひどく、まずく,形容詞副詞,C,You did badly on your tests.,あなたはテストができませんでした。
単語-930-sincerely,単語,930,sincerely,心から,形容詞副詞,C,"Sincerely,",拝啓
単語-931-somewhere,単語,931,somewhere,どこかに,形容詞副詞,C,"Every weekend, I go somewhere with my sister.",毎週末、私は姉とどこかに行きます。
単語-932-suddenly,単語,932,suddenly,突然,形容詞副詞,C,"Suddenly, it started raining.",突然雨が降りはじめました。
単語-933-actually,単語,933,actually,実際には,形容詞副詞,C,"Actually, a lot of people visit Japan.",実際にはたくさんの人が日本を訪れます。
単語-934-ahead,単語,934,ahead,前方に,形容詞副詞,C,run ahead,前へ走る
単語-935-anymore,単語,935,anymore,（否定文で）もう、いまは,形容詞副詞,C,I cannot walk anymore.,私はもう歩けません。
単語-936-clearly,単語,936,clearly,はっきりと,形容詞副詞,C,We can see the stars clearly tonight.,今夜は星をはっきり見ることができます。
単語-937-luckily,単語,937,luckily,幸運にも,形容詞副詞,C,"Luckily, it was not cold that day.",幸運なことに、その日は寒くありませんでした。
単語-938-neither,単語,938,neither,～もまた…しない、（neither A nor Bで）AもBも～ない,形容詞副詞,C,"I don't play the piano. — Me, neither.",私はギターをひきません。—私もです。
単語-939-quite,単語,939,quite,非常に、かなり、まったく,形容詞副詞,C,These two cats look quite different.,これら2匹のネコはまったく違って見えます。
単語-940-slowly,単語,940,slowly,ゆっくりと,形容詞副詞,C,Please speak more slowly.,もっとゆっくり話してください。
単語-941-anyway,単語,941,anyway,とにかく、いずれにしても,形容詞副詞,C,Thanks anyway.,いずれにしてもありがとう。
単語-942-downtown,単語,942,downtown,繁華街へ,形容詞副詞,C,go downtown,繁華街に行く
単語-943-hardly,単語,943,hardly,ほとんど～ない,形容詞副詞,C,I can hardly believe the story.,私はその話はほとんど信じられません。
単語-944-recently,単語,944,recently,最近、近ごろ,形容詞副詞,C,He recently joined our club.,彼は最近、私たちのクラブに入りました。
単語-945-sometime,単語,945,sometime,（未来・過去の）いつか,形容詞副詞,C,I would like to see the painting sometime.,私はいつかその絵を見たい。
単語-946-although,単語,946,although,～だけれども,形容詞副詞,C,"Although he is old, he walks very fast.",彼は歳をとっていますが、とても速く歩きます。
単語-947-shall,単語,947,shall,（Shall I ～? / Shall we ～?で）～しましょうか。,形容詞副詞,C,Shall we go to the Chinese restaurant?,その中華料理店に行きましょうか。
単語-948-everybody,単語,948,everybody,だれでも、みんな,形容詞副詞,C,Everybody knows the news.,みんなそのニュースを知っています。
単語-949-nothing,単語,949,nothing,何も～ない,形容詞副詞,C,We had nothing to drink then.,私たちにはそのとき飲み物が何もありませんでした。
単語-950-congratulations,単語,950,congratulations,おめでとう,形容詞副詞,C,Congratulations on your win!,優勝おめでとう！
熟語-951-have to ～,熟語,951,have to ～,～しなければならない,熟語,A,I have to finish my homework tonight.,私は今夜宿題を終えなければなりません。
熟語-952-thank you (for ～),熟語,952,thank you (for ～),（～を）ありがとう,熟語,A,Thank you for your e-mail.,Eメールをありがとう。
熟語-953-need to ～,熟語,953,need to ～,～する必要がある,熟語,A,We need to move this table.,私たちはこのテーブルを動かす必要があります。
熟語-954-from A to B,熟語,954,from A to B,AからBまで,熟語,A,How far is it from Tokyo to Osaka?,東京から大阪までどのくらいありますか。
熟語-955-a lot of ～,熟語,955,a lot of ～,たくさんの～,熟語,A,There were a lot of people in the park.,公園にはたくさんの人がいました。
熟語-956-like studying,熟語,956,like studying,勉強することが好きだ,熟語,A,Do you like studying languages?,言語を勉強することが好きですか。
熟語-957-talk about ～,熟語,957,talk about ～,～について話す,熟語,A,What are they talking about?,彼らは何について話しているのですか。
熟語-958-at school,熟語,958,at school,学校で,熟語,A,I didn't see John at school yesterday.,私はきのう学校でジョンに会いませんでした。
熟語-959-take me to ～,熟語,959,take me to ～,私を～に連れていく,熟語,A,My father took me to the zoo.,父は私を動物園に連れていってくれました。
熟語-960-talk to ～,熟語,960,talk to ～,～と話をする、～に話しかける,熟語,A,I talked to my mom about my classmates.,私はクラスメートについて母と話をしました。
熟語-961-look for ～,熟語,961,look for ～,～を探す,熟語,A,He is looking for a bookstore.,彼は書店を探しています。
熟語-962-ask him to ～,熟語,962,ask him to ～,彼に～するように頼む,熟語,A,Please ask him to call me.,私に電話をするように彼に頼んでください。
熟語-963-on the second floor,熟語,963,on the second floor,2階に,熟語,A,Kids' clothes are on the second floor.,子ども服は2階にあります。
熟語-964-a kind of ～,熟語,964,a kind of ～,一種の～,熟語,A,Kira is a kind of traditional costume in Bhutan.,キラはブータンの一種の伝統的な衣装です。
熟語-965-get to ～,熟語,965,get to ～,～に着く,熟語,A,We got to the stadium at six o'clock.,私たちは6時にスタジアムに着きました。
熟語-966-go home,熟語,966,go home,帰宅する,熟語,A,Jane went home early today.,ジェーンは今日早く帰宅しました。
熟語-967-go shopping,熟語,967,go shopping,買い物に行く,熟語,A,I went shopping to buy a present for Luke.,私はルークのためのプレゼントを買いに買い物に行きました。
熟語-968-like to ～,熟語,968,like to ～,～することが好きだ,熟語,A,Kevin likes to study Japanese.,ケビンは日本語を勉強することが好きです。
熟語-969-would like to ～,熟語,969,would like to ～,～したい,熟語,A,I'd like to have curry for lunch today.,私は今日の昼食にカレーが食べたいです。
熟語-970-look at ～,熟語,970,look at ～,～を見る,熟語,A,Look at my new bike.,私の新しい自転車を見て。
熟語-971-look forward to ～,熟語,971,look forward to ～,～を楽しみに待つ,熟語,A,I'm looking forward to meeting you.,私はあなたに会うのを楽しみにしています。
熟語-972-move to ～,熟語,972,move to ～,～に引っ越す,熟語,A,Tim moved to California last month.,ティムは先月カリフォルニアに引っ越しました。
熟語-973-on weekends,熟語,973,on weekends,週末に,熟語,A,We are open from ten to seven on weekends.,当店は週末は10時から7時まで営業しています。
熟語-974-once a week,熟語,974,once a week,週に1回,熟語,A,Jack practices tennis once a week.,ジャックは週に1回テニスの練習をします。
熟語-975-take a bus,熟語,975,take a bus,バスに乗る,熟語,A,We took a bus to the shopping mall.,私たちはショッピングモールまでバスに乗りました。
熟語-976-want you to ～,熟語,976,want you to ～,あなたに～してもらいたい,熟語,A,I want you to clean the bathroom today.,今日はあなたに浴室をそうじしてもらいたいです。
熟語-977-around the world,熟語,977,around the world,世界中で［の］,熟語,A,There are many festivals around the world.,世界中にたくさんの祭りがあります。
熟語-978-pick up ～,熟語,978,pick up ～,～を拾い上げる、～を車で迎えにいく,熟語,A,My father will pick you up at the station.,父が駅にあなたを車で迎えにいくでしょう。
熟語-979-decide to ～,熟語,979,decide to ～,～しようと決心する,熟語,A,Why did you decide to live here?,なぜあなたはここに住もうと決心したのですか。
熟語-980-not any ～,熟語,980,not any ～,少しも～ない,熟語,A,Ruth doesn't speak any Japanese.,ルースは日本語を少しも話しません。
熟語-981-plan to ～,熟語,981,plan to ～,～するつもりである,熟語,A,My brother plans to study abroad.,私の兄は外国で勉強をするつもりです。
熟語-982-start learning,熟語,982,start learning,学び始める,熟語,A,She started learning Spanish three years ago.,彼女は3年前からスペイン語を学び始めました。
熟語-983-have been to ～,熟語,983,have been to ～,～へ行ったことがある,熟語,A,I have been to France.,私はフランスへ行ったことがあります。
熟語-984-be good at ～,熟語,984,be good at ～,～が得意だ、～が上手だ,熟語,A,He is really good at math.,彼はとても数学が得意です。
熟語-985-be late for ～,熟語,985,be late for ～,～に遅れる,熟語,A,Mary was late for school today.,メアリーは今日学校に遅れました。
熟語-986-because of ～,熟語,986,because of ～,～のために,熟語,A,"Because of the hurricane, there were no classes this afternoon.",ハリケーンのため、今日の午後は授業がありませんでした。
熟語-987-one of ～,熟語,987,one of ～,～のうちの1つ［1人］,熟語,A,He is one of the most famous soccer players in Japan.,彼は日本で最も有名なサッカー選手の1人です。
熟語-988-try to ～,熟語,988,try to ～,～しようとする,熟語,A,What will you try to do this summer?,あなたはこの夏、何をしようとするつもりですか。
熟語-989-enjoy painting,熟語,989,enjoy painting,絵を描くことを楽しむ,熟語,A,I enjoy painting in my free time.,私はひまなときに絵を描くことを楽しみます。
熟語-990-go back,熟語,990,go back,戻る、帰っていく,熟語,A,"On October 7, she will go back to Tokyo.",10月7日に彼女は東京へ帰るつもりです。
熟語-991-of course,熟語,991,of course,もちろん,熟語,A,Will you come to our party? — Of course I will.,私たちのパーティーに来てくれますか。—もちろん行きます。
熟語-992-tell me to ～,熟語,992,tell me to ～,私に～するように言う,熟語,A,My mother told me to come home early.,母は私に早く家に帰るように言いました。
熟語-993-be able to ～,熟語,993,be able to ～,～することができる,熟語,A,He'll be able to finish the job by tomorrow afternoon.,彼は明日の午後までにその仕事を終わらせることができるでしょう。
熟語-994-be born,熟語,994,be born,生まれる,熟語,A,My father was born in Osaka in 1975.,父は1975年に大阪で生まれました。
熟語-995-by myself,熟語,995,by myself,1人で、独力で,熟語,A,I did most of the work by myself.,私はほとんどの仕事を1人でやりました。
熟語-996-get home,熟語,996,get home,帰宅する、家に着く,熟語,A,"When Bill got home, his sister was watching TV.",ビルが帰宅したとき、彼の妹はテレビを見ていました。
熟語-997-go and ～,熟語,997,go and ～,～しに行く,熟語,A,Let's go and see a movie on Saturday afternoon.,土曜日の午後、映画を見に行きましょう。
熟語-998-once a year,熟語,998,once a year,年に1回,熟語,A,Jane takes a trip once a year.,ジェーンは年に1回旅行をします。
熟語-999-come back,熟語,999,come back,帰ってくる、戻る,熟語,A,Thomas came back from London yesterday.,トーマスはきのうロンドンから帰ってきました。
熟語-1000-feel well,熟語,1000,feel well,体調がよい、気分がよい,熟語,A,I am not feeling well.,私は体調がよくありません。
熟語-1001-have a ～ lesson,熟語,1001,have a ～ lesson,～のレッスンがある,熟語,A,We have a dance lesson today.,私たちは今日はダンスのレッスンがあります。
熟語-1002-have a ～ time,熟語,1002,have a ～ time,～な時を過ごす,熟語,A,John had a good time at the party.,ジョンはパーティーで楽しい時を過ごしました。
熟語-1003-wait for ～,熟語,1003,wait for ～,～を待つ,熟語,A,I was waiting for my father in front of the station.,私は駅の前で父を待っていました。
熟語-1004-work at ～,熟語,1004,work at ～,～に勤めている、～で働く,熟語,A,Paul works at an art museum.,ポールは美術館に勤めています。
熟語-1005-be from ～,熟語,1005,be from ～,～の出身である,熟語,A,Peter is from England.,ピーターはイングランドの出身です。
熟語-1006-bring A to B,熟語,1006,bring A to B,AをBに持ってくる,熟語,A,Bring your dictionary to school.,辞書を学校に持ってきなさい。
熟語-1007-come and ～,熟語,1007,come and ～,～しに来る,熟語,A,Come and see me if you have any questions.,もし何か質問があったら私に会いに来なさい。
熟語-1008-listen to ～,熟語,1008,listen to ～,～を聞く、～の言うことを聞く,熟語,A,Stop talking and listen to the teacher.,話をやめて先生の言うことを聞きなさい。
熟語-1009-lots of ～,熟語,1009,lots of ～,たくさんの～,熟語,A,I drank lots of water.,私はたくさんの水を飲みました。
熟語-1010-over there,熟語,1010,over there,向こうに、あそこで,熟語,A,There is a convenience store over there.,あそこにコンビニエンスストアがあります。
熟語-1011-stay home,熟語,1011,stay home,家にいる,熟語,A,Jack was sick and stayed home yesterday.,ジャックは病気できのうは家にいました。
熟語-1012-take care of ～,熟語,1012,take care of ～,～の世話をする,熟語,A,I took care of my sick brother.,私は病気の弟の世話をしました。
熟語-1013-wake up,熟語,1013,wake up,目を覚ます,熟語,A,Lucy woke up late and missed the bus.,ルーシーは遅く目を覚ましたので、バスに乗り遅れました。
熟語-1014-do well,熟語,1014,do well,うまくやる、いい成績をとる,熟語,A,Karen didn't do well on her science test.,カレンは理科のテストでいい成績をとりませんでした。
熟語-1015-go to bed,熟語,1015,go to bed,寝る、ベッドに入る,熟語,A,I want to go to bed early tonight.,今晩は早く寝たいです。
熟語-1016-more than ～,熟語,1016,more than ～,～以上、～よりもっと,熟語,A,The temple was built more than 500 years ago.,その寺は500年以上前に建てられました。
熟語-1017-～ year(s) old,熟語,1017,～ year(s) old,～歳,熟語,A,My grandfather is eighty years old.,祖父は80歳です。
熟語-1018-a few ～,熟語,1018,a few ～,少しの～、2、3の～,熟語,A,They will stay in Kyoto for a few days.,彼らは京都に2、3日滞在するつもりです。
熟語-1019-a piece of ～,熟語,1019,a piece of ～,1枚の～、1切れの～,熟語,A,She bought a piece of cloth at that store.,彼女はあの店で1枚の布を買いました。
熟語-1020-be back,熟語,1020,be back,帰る、戻る,熟語,A,I'll be back by seven.,私は7時までに帰ってくるつもりです。
熟語-1021-be home,熟語,1021,be home,家にいる、在宅している,熟語,A,Is your father home now?,あなたのお父さんは今、家にいますか。
熟語-1022-come home,熟語,1022,come home,帰宅する,熟語,A,I don't know when my sister will come home.,私は姉がいつ帰宅するかわかりません。
熟語-1023-do her homework,熟語,1023,do her homework,宿題をする,熟語,A,Amy hasn't done her homework yet.,エイミーはまだ宿題をしていません。
熟語-1024-go hiking,熟語,1024,go hiking,ハイキングに行く,熟語,A,I went hiking with my parents last Sunday.,この前の日曜日、私は両親とハイキングに行きました。
熟語-1025-go out,熟語,1025,go out,外出する,熟語,A,"Let's go out for lunch, Anna.",アンナ、昼食に出かけましょう。
熟語-1026-in front of ～,熟語,1026,in front of ～,～の前に[で],熟語,A,Meet me in front of the school at 10:30.,10時30分に学校の前で会いましょう。
熟語-1027-be my first time,熟語,1027,be my first time,初めてである,熟語,A,This is my first time in New York.,ニューヨークはこれが初めてです。
熟語-1028-be sold out,熟語,1028,be sold out,売り切れである,熟語,A,The tickets for the concert are sold out.,そのコンサートのチケットは売り切れです。
熟語-1029-between A and B,熟語,1029,between A and B,AとBの間に,熟語,A,There are some differences between your bike and mine.,あなたの自転車と私の自転車の間にはいくつか違いがあります。
熟語-1030-for the first time,熟語,1030,for the first time,初めて,熟語,A,"Next summer, I am going to France for the first time.",今度の夏、私は初めてフランスへ行くつもりです。
熟語-1031-go jogging,熟語,1031,go jogging,ジョギングに行く,熟語,A,Let's go jogging in the park.,公園にジョギングに行きましょう。
熟語-1032-go swimming,熟語,1032,go swimming,泳ぎに行く,熟語,A,Greg goes swimming with his friends on weekends.,週末ごとにグレッグは友だちと泳ぎに行きます。
熟語-1033-have time to ～,熟語,1033,have time to ～,～する時間がある,熟語,A,I didn't have time to eat breakfast this morning.,私は今朝、朝食を食べる時間がありませんでした。
熟語-1034-in the future,熟語,1034,in the future,将来（は）,熟語,A,Rick wants to be an actor in the future.,リックは将来、俳優になりたいと思っています。
熟語-1035-love watching,熟語,1035,love watching,見ることが大好きだ,熟語,A,She loves watching tennis.,彼女はテニスを見るのが大好きです。
熟語-1036-on sale,熟語,1036,on sale,特売で、セールで,熟語,A,These shoes are on sale today.,これらのくつは今日セールになっています。
熟語-1037-start to ～,熟語,1037,start to ～,～し始める,熟語,A,I started to read the magazine.,私はその雑誌を読み始めました。
熟語-1038-take a lesson,熟語,1038,take a lesson,レッスンを受ける,熟語,A,Julie takes piano lessons after school.,ジュリーは放課後ピアノのレッスンを受けています。
熟語-1039-take a photo,熟語,1039,take a photo,写真を撮る,熟語,A,Please do not take any photos in this temple.,この寺ではいかなる写真も撮らないでください。
熟語-1040-take a trip,熟語,1040,take a trip,旅行をする,熟語,A,My family took a trip to Thailand last month.,私の家族は先月タイへ旅行をしました。
熟語-1041-take part in ～,熟語,1041,take part in ～,～に参加する,熟語,A,Becky is going to take part in a singing contest.,ベッキーは歌のコンテストに参加するつもりです。
熟語-1042-travel around ～,熟語,1042,travel around ～,～を旅行して回る,熟語,A,I want to travel around Europe.,私はヨーロッパを旅行して回りたいです。
熟語-1043-travel to ～,熟語,1043,travel to ～,～へ旅行する,熟語,A,My father has traveled to many countries.,父はたくさんの国へ旅行したことがあります。
熟語-1044-write back,熟語,1044,write back,返事を書く,熟語,A,I'm sorry I took so long to write back.,返事を書くのに、とても時間がかかってごめんなさい。
熟語-1045-at that time,熟語,1045,at that time,そのとき,熟語,A,Emily was eating breakfast at that time.,エミリーはそのとき朝食を食べていました。
熟語-1046-be ready to ～,熟語,1046,be ready to ～,～する用意ができている,熟語,A,I'm ready to go out.,私は出かける用意ができています。
熟語-1047-go to lunch,熟語,1047,go to lunch,昼食に行く,熟語,A,"Let's go to lunch, Tom.",トム、昼食に行きましょう。
熟語-1048-go to the doctor,熟語,1048,go to the doctor,医者に行く,熟語,A,You should go to the doctor.,あなたは医者に行くべきですよ。
熟語-1049-grow up,熟語,1049,grow up,育つ,熟語,A,I grew up in Japan.,私は日本で育ちました。
熟語-1050-have a test,熟語,1050,have a test,試験がある,熟語,A,We will have a math test tomorrow.,私たちは明日数学の試験があります。
熟語-1051-help me with ～,熟語,1051,help me with ～,私の～を手伝う,熟語,A,Tim helped me with my homework.,ティムは私の宿題を手伝ってくれました。
熟語-1052-invite him to ～,熟語,1052,invite him to ～,彼を～に招く,熟語,A,I invited him to my house.,彼を私の家に招きました。
熟語-1053-love to ～,熟語,1053,love to ～,～することが大好きだ,熟語,A,Brenda loves to travel.,ブレンダは旅行することが大好きです。
熟語-1054-next time,熟語,1054,next time,この次は,熟語,A,I will do better next time.,この次はもっともうまくやります。
熟語-1055-next to ～,熟語,1055,next to ～,～のとなりに,熟語,A,There is an Italian restaurant next to the post office.,郵便局のとなりにイタリアンレストランがあります。
熟語-1056-not ～ at all,熟語,1056,not ～ at all,少しも～ない,熟語,A,I don't like swimming at all.,私は水泳が少しも好きではありません。
熟語-1057-on my[the] way home,熟語,1057,on my[the] way home,家に帰る途中で,熟語,A,I will buy some vegetables at the supermarket on my way home.,私は家に帰る途中でスーパーマーケットで野菜を買うつもりです。
熟語-1058-on time,熟語,1058,on time,時間通りに,熟語,A,The train didn't come on time.,電車は時間通りに来ませんでした。
熟語-1059-such as ～,熟語,1059,such as ～,（例えば）～のような,熟語,A,"In the park, I saw flowers such as roses and lilies.",公園でバラやユリなどの花を見ました。
熟語-1060-think about ～,熟語,1060,think about ～,～について考える,熟語,A,I'm thinking about your idea.,私はあなたの意見について考えているところです。
熟語-1061-at first,熟語,1061,at first,最初は[に],熟語,A,"At first, he didn't like the song.",最初は彼はその歌が好きではありませんでした。
熟語-1062-begin to ～,熟語,1062,begin to ～,～し始める,熟語,A,The little girl began to sing.,その小さい女の子は歌い始めました。
熟語-1063-call back,熟語,1063,call back,電話をかけなおす,熟語,A,I will call back tomorrow.,明日電話をかけなおすつもりです。
熟語-1064-far from ～,熟語,1064,far from ～,～から遠い、～から遠くに,熟語,A,Is the stadium far from here?,スタジアムはここから遠いですか。
熟語-1065-go fishing,熟語,1065,go fishing,釣りに行く,熟語,A,Jeff and I went fishing last weekend.,ジェフと私は先週末釣りに行きました。
熟語-1066-in the world,熟語,1066,in the world,世界で,熟語,A,This is one of the most famous paintings in the world.,これは世界で最も有名な絵画の1つです。
熟語-1067-look in ～,熟語,1067,look in ～,～をのぞく,熟語,A,"He looked in his bag, but he couldn't find his key.",彼はかばんをのぞきましたが、かぎを見つけられませんでした。
熟語-1068-look like ～,熟語,1068,look like ～,～のように見える、～に似ている,熟語,A,You look like your mother.,あなたはお母さんに似ていますね。
熟語-1069-most of ～,熟語,1069,most of ～,～のほとんど、～の大部分,熟語,A,Most of these toys were made in China.,これらのおもちゃのほとんどは中国で作られました。
熟語-1070-not have to ～,熟語,1070,not have to ～,～する必要はない,熟語,A,My mother will not have to make dinner tonight.,お母さんは今晩夕食を作る必要はないでしょう。
熟語-1071-on vacation,熟語,1071,on vacation,休暇で[に],熟語,A,Jonathan has been on summer vacation since July 30.,ジョナサンは7月30日から夏休暇中です。
熟語-1072-pay for ～,熟語,1072,pay for ～,～の代金を払う,熟語,A,How much did you pay for the shoes?,その靴にいくら払ったのですか。
熟語-1073-run away,熟語,1073,run away,走り去る、逃げる,熟語,A,The boy was surprised and ran away.,その少年はびっくりして走り去りました。
熟語-1074-see a doctor,熟語,1074,see a doctor,医者にみてもらう,熟語,A,Paul went to the hospital to see a doctor.,ポールは医者にみてもらうために病院へ行きました。
熟語-1075-stay at ～,熟語,1075,stay at ～,～に滞在する,熟語,A,We stayed at a hotel near the station.,私たちは駅の近くのホテルに滞在しました。
熟語-1076-stop working,熟語,1076,stop working,働くことをやめる,熟語,A,When did your grandfather stop working?,あなたのおじいさんはいつ働くことをやめましたか。
熟語-1077-take a picture,熟語,1077,take a picture,写真を撮る,熟語,A,I have taken a lot of pictures of the festival.,私はその祭りの写真をたくさん撮りました。
熟語-1078-teach me how to ～,熟語,1078,teach me how to ～,私に～のしかたを教える,熟語,A,My brother taught me how to use a computer.,兄は私にコンピューターの使いかたを教えてくれました。
熟語-1079-think of ～,熟語,1079,think of ～,～を思いつく,熟語,A,Sarah thought of a good idea.,サラはいい考えを思いつきました。
熟語-1080-too tired to ～,熟語,1080,too tired to ～,疲れすぎて～できない,熟語,A,I'm too tired to do my homework.,私は疲れすぎて宿題をすることができません。
熟語-1081-a lot,熟語,1081,a lot,たくさん、とても,熟語,A,Jim has helped me a lot.,ジムは私の手伝いをたくさんしてくれました。
熟語-1082-anything else,熟語,1082,anything else,何かほかのもの,熟語,A,Can I get you anything else?,何かほかのものを持ってきてあげましょうか。
熟語-1083-be ready for ～,熟語,1083,be ready for ～,～の用意ができている,熟語,A,He is not ready for the math test.,彼は数学のテストの準備ができていません。
熟語-1084-be different from ～,熟語,1084,be different from ～,～と異なる、～と違っている,熟語,A,Indian food is different from Japanese food.,インド料理は日本料理とは異なっています。
熟語-1085-drive me to ～,熟語,1085,drive me to ～,私を車で～へ送る,熟語,A,My mother drove me to school today.,母は今日私を車で学校へ送ってくれました。
熟語-1086-far away,熟語,1086,far away,遠くに[へ],熟語,A,Brazil is far away from Japan.,ブラジルは日本からは遠くにあります。
熟語-1087-finish reading,熟語,1087,finish reading,読むことを終える,熟語,A,I just finished reading this book.,私はちょうどこの本を読み終えました。
熟語-1088-for more information,熟語,1088,for more information,詳しいことは,熟語,A,"For more information, visit our website.",詳しいことは私たちのウェブサイトをお訪ねください。
熟語-1089-forget to ～,熟語,1089,forget to ～,～するのを忘れる,熟語,A,I forgot to bring my lunch.,私はお弁当を持ってくるのを忘れました。
熟語-1090-get off,熟語,1090,get off,降りる,熟語,A,Where should I get off?,私はどこで降りたらいいでしょうか。
熟語-1091-give up,熟語,1091,give up,あきらめる、やめる,熟語,A,I don't give up so easily.,私はそんなに簡単にあきらめません。
熟語-1092-go to the dentist,熟語,1092,go to the dentist,歯医者に行く,熟語,A,He had to go to the dentist.,彼は歯医者に行かなくてはなりませんでした。
熟語-1093-go to work,熟語,1093,go to work,仕事に行く,熟語,A,My father reads the newspaper before he goes to work.,父は仕事に行く前に新聞を読みます。
熟語-1094-hope to ～,熟語,1094,hope to ～,～することを望む,熟語,A,Becky hopes to become a doctor in the future.,ベッキーは将来医者になることを望んでいます。
熟語-1095-hurry up,熟語,1095,hurry up,急ぐ,熟語,A,"Chris, hurry up.",クリス、急いで。
熟語-1096-introduce A to B,熟語,1096,introduce A to B,AをBに紹介する,熟語,A,Sam introduced me to Karen.,サムは私をカレンに紹介しました。
熟語-1097-near here,熟語,1097,near here,この近くに,熟語,A,Is there a supermarket near here?,この近くにスーパーマーケットはありますか。
熟語-1098-once a month,熟語,1098,once a month,月に1回,熟語,A,We go to the restaurant for dinner once a month.,私たちは月に1回夕食にそのレストランへ行きます。
熟語-1099-put on ～,熟語,1099,put on ～,～を身につける,熟語,A,He put on a clean T-shirt.,彼は清潔なTシャツを着ました。
熟語-1100-show me how to ～,熟語,1100,show me how to ～,私に～のしかたを教える,熟語,A,My mother showed me how to make curry.,母は私にカレーの作りかたを教えてくれました。
熟語-1101-speak to ～,熟語,1101,speak to ～,～に話しかける、～と話す,熟語,A,I got a chance to speak to Mr. Green.,私はグリーンさんに話しかける機会がありました。
熟語-1102-take a test,熟語,1102,take a test,試験を受ける,熟語,A,We will take an English test on Friday.,私たちは金曜日に英語の試験を受けます。
熟語-1103-thousands of ～,熟語,1103,thousands of ～,何千もの～,熟語,A,Thousands of people use this station every day.,何千もの人が毎日この駅を利用します。
熟語-1104-worry about ～,熟語,1104,worry about ～,～について心配する,熟語,A,Don't worry about the weather so much.,そんなにお天気について心配しないで。
熟語-1105-would like ～,熟語,1105,would like ～,～がほしい,熟語,A,I'd like some coffee.,コーヒーがほしいです。
熟語-1106-write to ～,熟語,1106,write to ～,～に手紙を書く,熟語,A,She sometimes writes to her grandparents.,彼女はときどき祖父母に手紙を書きます。
熟語-1107-a glass of ～,熟語,1107,a glass of ～,コップ1杯の～,熟語,A,May I have a glass of water?,コップ1杯の水をいただけますか。
熟語-1108-a slice of ～,熟語,1108,a slice of ～,1枚の～,熟語,A,Jenny ate a slice of toast for breakfast today.,ジェニーは今日朝食に1枚のトーストを食べました。
熟語-1109-a ticket to ～,熟語,1109,a ticket to ～,～への切符,熟語,A,Emily bought a ticket to the tennis tournament.,エミリーはテニストーナメントの切符を買いました。
熟語-1110-all over the world,熟語,1110,all over the world,世界中で,熟語,A,The singer became famous all over the world.,その歌手は世界中で有名になりました。
熟語-1111-ask A for B,熟語,1111,ask A for B,AにBをくれるように頼む,熟語,A,Tom asked me for a piece of paper.,トムは私に紙を1枚くれるように頼みました。
熟語-1112-be covered with ～,熟語,1112,be covered with ～,～でおおわれている,熟語,A,The sky is covered with clouds now.,空は今、雲でおおわれています。
熟語-1113-be full of ～,熟語,1113,be full of ～,～でいっぱいである,熟語,A,The baseball stadium was full of people.,野球のスタジアムは人々でいっぱいでした。
熟語-1114-be happy to ～,熟語,1114,be happy to ～,～してうれしい,熟語,A,We are happy to meet you.,私たちはあなたに会えてうれしいです。
熟語-1115-be interested in ～,熟語,1115,be interested in ～,～に興味がある,熟語,A,John is interested in science.,ジョンは科学に興味があります。
熟語-1116-be on a trip,熟語,1116,be on a trip,旅行中である,熟語,A,The sixth-grade students are on a school trip.,6年生は修学旅行中です。
熟語-1117-be popular with ～,熟語,1117,be popular with ～,～の間で人気がある,熟語,A,This computer game is popular with girls.,このコンピューターゲームは女の子の間で人気があります。
熟語-1118-begin learning,熟語,1118,begin learning,学び始める,熟語,A,When did you begin learning French?,あなたはいつフランス語を学び始めましたか。
熟語-1119-by e-mail,熟語,1119,by e-mail,電子メールで,熟語,A,She sent me the recipe for the soup by e-mail.,彼女は私にそのスープのレシピを電子メールで送ってくれました。
熟語-1120-clean up ～,熟語,1120,clean up ～,～をかたづける、～をきれいにそうじする,熟語,A,My sister and I cleaned up the kitchen.,姉と私は台所をきれいにそうじしました。
熟語-1121-each other,熟語,1121,each other,お互い（に）,熟語,A,Helen and I have not seen each other for a year.,ヘレンと私はお互い1年会っていません。
熟語-1122-find out ～,熟語,1122,find out ～,～を見つけ出す、～だとわかる,熟語,A,Did you find out who won the tournament?,だれがトーナメントに勝ったかわかりましたか。
熟語-1123-get married,熟語,1123,get married,結婚する,熟語,A,My sister got married in Tokyo.,姉は東京で結婚しました。
熟語-1124-get well,熟語,1124,get well,よくなる,熟語,A,"Mark was taken to the hospital, and he got well a few days later.",マークは病院に運ばれて、数日後によくなりました。
熟語-1125-go on a trip,熟語,1125,go on a trip,旅行に出かける,熟語,A,Lisa is planning to go on a trip to Paris.,リサはパリへ旅行に出かける計画を立てています。
熟語-1126-graduate from ～,熟語,1126,graduate from ～,～を卒業する,熟語,A,Stan is graduating from university next month.,スタンは来月大学を卒業します。
熟語-1127-have a headache,熟語,1127,have a headache,頭痛がする,熟語,A,Paul had a headache last night.,ポールは昨夜頭痛がしました。
熟語-1128-have a stomachache,熟語,1128,have a stomachache,腹が痛い,熟語,A,I have a bad stomachache.,私はひどくおなかが痛いです。
熟語-1129-hear from ～,熟語,1129,hear from ～,～から連絡がある,熟語,A,I hope to hear from you soon.,すぐにあなたから連絡があることを望んでいます。
熟語-1130-on foot,熟語,1130,on foot,徒歩で,熟語,A,They usually go to the gym on foot.,彼らはふつうジムに歩いて行きます。
熟語-1131-one day,熟語,1131,one day,ある日、いつか,熟語,A,Maybe you can become a pilot one day.,あなたはいつかパイロットになれるかもしれません。
熟語-1132-say hello to ～,熟語,1132,say hello to ～,～によろしくと言う,熟語,A,Say hello to your parents.,あなたのご両親によろしくと言ってください。
熟語-1133-sound like ～,熟語,1133,sound like ～,～のように聞こえる,熟語,A,That sounds like a good idea.,それはいい考えのように聞こえます。
熟語-1134-spend A on B,熟語,1134,spend A on B,AをBに使う,熟語,A,Jonathan spends a lot of money on clothes.,ジョナサンはたくさんのお金を服に使います。
熟語-1135-take a train,熟語,1135,take a train,電車に乗る,熟語,A,I always take the train to my office.,私はいつもオフィスまで電車に乗ります。
熟語-1136-take time to ～,熟語,1136,take time to ～,～する時間がかかる,熟語,A,Emily took a long time to finish her homework.,エミリーは宿題を終わらせるのに長い時間がかかりました。
熟語-1137-teach me to ～,熟語,1137,teach me to ～,私に～のしかたを教える,熟語,A,My father taught me to fish.,父は私に釣りのしかたを教えてくれました。
熟語-1138-tell me how to ～,熟語,1138,tell me how to ～,私に～のしかたを教える,熟語,A,Can you tell me how to cook chicken soup?,私にチキンスープの作りかたを教えてくれませんか。
熟語-1139-thanks to ～,熟語,1139,thanks to ～,～のおかげで,熟語,A,"Thanks to the Internet, we can buy things easily.",インターネットのおかげで私たちは簡単にものを買うことができます。
熟語-1140-turn down ～,熟語,1140,turn down ～,（音量・電気などを）弱くする,熟語,A,Will you turn the TV down?,テレビの音量を小さくしてくれませんか。
熟語-1141-taller than any other ～,熟語,1141,taller than any other ～,ほかのどの～よりも背が高い,熟語,A,Jim is taller than any other student in his class.,ジムはクラスの中でほかのどの生徒よりも背が高いです。
熟語-1142-a pair of ～,熟語,1142,a pair of ～,1組の～,熟語,A,He bought me a pair of jogging shoes.,彼は私に1組のジョギングシューズを買ってくれました。
熟語-1143-a part of ～,熟語,1143,a part of ～,～の一部,熟語,A,Swimming is a part of my life.,水泳は私の生活の一部です。
熟語-1144-across from ～,熟語,1144,across from ～,～の向かいに,熟語,A,My house is across from the bookstore.,私の家はその書店の向かいにあります。
熟語-1145-be absent from ～,熟語,1145,be absent from ～,～を欠席する,熟語,A,Patrick was absent from school yesterday.,パトリックはきのう学校を欠席しました。
熟語-1146-be afraid of ～,熟語,1146,be afraid of ～,～をこわがる、～をおそれる,熟語,A,George is afraid of snakes.,ジョージはヘビをこわがります。
熟語-1147-be excited about ～,熟語,1147,be excited about ～,～にわくわくする,熟語,A,I am excited about living in New York.,私はニューヨークでの生活にわくわくしています。
熟語-1148-be surprised to ～,熟語,1148,be surprised to ～,～して驚く,熟語,A,We were surprised to hear the news.,私たちはその知らせを聞いて驚きました。
熟語-1149-come over,熟語,1149,come over,やって来る,熟語,A,Lucy will come over after lunch.,昼食後、ルーシーがやって来るでしょう。
熟語-1150-do my best,熟語,1150,do my best,全力をつくす,熟語,A,I will do my best in the baseball game.,野球の試合で私は全力をつくします。
熟語-1151-fall down,熟語,1151,fall down,倒れる、転ぶ,熟語,A,Ellen fell down while she was running outside.,外を走っているときにエレンは倒れました。
熟語-1152-fall off ～,熟語,1152,fall off ～,～から落ちる,熟語,B,Mary fell off her bike and hurt her leg.,メアリーは自転車から落ちて足をけがしました。
熟語-1153-for a long time,熟語,1153,for a long time,長い間,熟語,B,Did you stay in London for a long time?,あなたは長い間ロンドンに滞在したのですか。
熟語-1154-for a while,熟語,1154,for a while,しばらくの間,熟語,B,"After dinner, my mother and I talked for a while.",夕食後、母と私はしばらくの間、話をしました。
熟語-1155-for free,熟語,1155,for free,無料で,熟語,B,I got this pen for free.,私はこのペンをただでもらいました。
熟語-1156-forget about ～,熟語,1156,forget about ～,～のことを忘れる,熟語,B,Mr. Smith forgot about the meeting at eleven.,スミスさんは11時の会議のことを忘れていました。
熟語-1157-get back ～,熟語,1157,get back ～,～を取り戻す,熟語,B,I got my money back when I finished using the locker.,ロッカーを利用し終わったとき、お金を取り戻しました。
熟語-1158-get a good grade,熟語,1158,get a good grade,よい成績[点数]をとる,熟語,B,Tom got a good grade on the test.,トムはテストでよい点数をとりました。
熟語-1159-give me a ride,熟語,1159,give me a ride,私を車に乗せる,熟語,B,Jimmy's father gave me a ride to the station.,ジミーのお父さんは駅まで私を車に乗せてくれました。
熟語-1160-give a speech,熟語,1160,give a speech,スピーチをする、演説をする,熟語,B,Ann gave a speech about air pollution.,アンは大気汚染についてスピーチをしました。
熟語-1161-go skiing,熟語,1161,go skiing,スキーに行く,熟語,B,My family went skiing in Canada last month.,私の家族は先月カナダにスキーに行きました。
熟語-1162-go to the movies,熟語,1162,go to the movies,映画を見に行く,熟語,B,Nancy will go to the movies this weekend.,ナンシーは今週末映画を見に行くつもりです。
熟語-1163-have a cold,熟語,1163,have a cold,かぜをひいている,熟語,B,Do you still have a cold?,あなたはまだかぜをひいているのですか。
熟語-1164-have a fever,熟語,1164,have a fever,熱がある,熟語,B,I went to the doctor's today because I had a fever.,熱があったので、今日医者に行きました。
熟語-1165-in the evening,熟語,1165,in the evening,夕方に、晩に,熟語,B,The party was held in the evening.,そのパーティーは晩に開かれました。
熟語-1166-laugh at ～,熟語,1166,laugh at ～,～を笑う,熟語,B,My friends laughed at me because I wore a funny T-shirt.,おかしなTシャツを着ていたので、私の友だちは私を笑いました。
熟語-1167-make A of B,熟語,1167,make A of B,BのAを作る,熟語,B,I made three copies of my report.,私はレポートのコピーを3部作りました。
熟語-1168-make a friend,熟語,1168,make a friend,友だちを作る,熟語,B,Helen made a new friend at summer camp.,ヘレンはサマーキャンプで新しい友だちを作りました。
熟語-1169-on a website,熟語,1169,on a website,ウェブサイトで[に],熟語,B,Andy bought the shirt on a website.,アンディはウェブサイトでそのシャツを買いました。
熟語-1170-on land,熟語,1170,on land,陸上で[に、の],熟語,B,Ships are built on land.,船は陸上でつくられます。
熟語-1171-on the ～ team,熟語,1171,on the ～ team,～部に入って,熟語,B,Jenny is on the tennis team at her high school.,ジェニーは高校でテニス部に入っています。
熟語-1172-on the Internet,熟語,1172,on the Internet,インターネットで,熟語,B,Ted is going to sell his guitar on the Internet.,テッドはインターネットで彼のギターを売るつもりです。
熟語-1173-say hi to ～,熟語,1173,say hi to ～,～によろしくと言う,熟語,B,Say hi to your family for me.,私のことをご家族によろしく伝えてね。
熟語-1174-shake hands,熟語,1174,shake hands,握手をする,熟語,B,I shook hands with Bill.,私はビルと握手をしました。
熟語-1175-so many ～,熟語,1175,so many ～,とても多くの～,熟語,B,So many people came to the park to see the fireworks.,とても多くの人々が花火を見に公園へ来ました。
熟語-1176-so much,熟語,1176,so much,とても,熟語,B,Thanks so much for your e-mail.,Eメールをどうもありがとう。
熟語-1177-stay up,熟語,1177,stay up,（寝ないで）起きている、夜ふかしする,熟語,B,Don't stay up too late.,あまり遅くまで起きていてはいけません。
熟語-1178-take A out of B,熟語,1178,take A out of B,AをBから取り出す,熟語,B,Steve took everything out of his locker.,スティーブはロッカーからすべてのものを取り出しました。
熟語-1179-take a message,熟語,1179,take a message,伝言を預かる、伝言を受ける,熟語,B,"I took a message from your mother, Daniel.",ダニエル、あなたのお母さんから伝言を預かりましたよ。
熟語-1180-take an elevator,熟語,1180,take an elevator,エレベーターに乗る,熟語,B,We took the elevator to the fifth floor.,私たちは5階までエレベーターに乗りました。
熟語-1181-the same as ～,熟語,1181,the same as ～,～と同じ,熟語,B,His name is the same as a famous baseball player's.,彼の名前は有名な野球選手と同じです。
熟語-1182-these days,熟語,1182,these days,このごろ、近ごろ,熟語,B,Lucy is studying very hard these days.,ルーシーはこのごろとても熱心に勉強をしています。
熟語-1183-try on ～,熟語,1183,try on ～,～を試着する,熟語,B,I want to try on that coat.,あのコートを試着したいです。
熟語-1184-turn off ～,熟語,1184,turn off ～,～のスイッチを切る,熟語,B,Please turn off your cell phones right now.,いますぐ携帯電話の電源を切ってください。
熟語-1185-under the ground,熟語,1185,under the ground,地下に[で],熟語,B,Many animals live under the ground.,たくさんの動物が地下に生息しています。
熟語-1186-a long time ago,熟語,1186,a long time ago,ずっと前に,熟語,B,"A long time ago, the capital of Japan was Nara.",ずっと昔は日本の首都は奈良でした。
熟語-1187-all by myself,熟語,1187,all by myself,まったく1人で,熟語,B,I built this doghouse all by myself.,私はこの犬小屋をまったく1人で建てました。
熟語-1188-all the way,熟語,1188,all the way,ずっと,熟語,B,Bob had to walk all the way to the station.,ボブは駅までずっと歩かなくてはなりませんでした。
熟語-1189-arrive in ～,熟語,1189,arrive in ～,～に着く,熟語,B,They arrived in New York before noon.,彼らは正午前にニューヨークに着きました。
熟語-1190-as old as ～,熟語,1190,as old as ～,～と同じくらい古い,熟語,B,Your computer is as old as mine.,あなたのコンピューターは私のと同じくらい古いです。
熟語-1191-as soon as possible,熟語,1191,as soon as possible,できるだけ早く,熟語,B,Please call me as soon as possible after you get home.,家に着いたらできるだけ早く私に電話してください。
熟語-1192-as usual,熟語,1192,as usual,いつものように,熟語,B,"After dinner, he checked his e-mail as usual.",夕食後、彼はいつものようにEメールをチェックしました。
熟語-1193-at his desk,熟語,1193,at his desk,席について,熟語,B,Mr. Brown isn't at his desk now.,ブラウンさんは今自分の席にいません。
熟語-1194-at the beginning of ～,熟語,1194,at the beginning of ～,～の初めに,熟語,B,Kevin is going back to Australia at the beginning of August.,ケビンは8月の初めにオーストラリアに帰るつもりです。
熟語-1195-at the end of ～,熟語,1195,at the end of ～,～の終わりに,熟語,B,Sarah left Japan at the end of January.,サラは1月の終わりに日本を去りました。
熟語-1196-be angry at ～,熟語,1196,be angry at ～,～に怒っている,熟語,B,I was very angry at Bill.,私はビルにとても怒っていました。
熟語-1197-be glad to ～,熟語,1197,be glad to ～,～してうれしい,熟語,B,We are glad to hear that you passed the test.,私たちはあなたがテストに合格したと聞いてうれしいです。
熟語-1198-be in a meeting,熟語,1198,be in a meeting,会議中である,熟語,B,I'm afraid Mr. Willis is in a meeting.,残念ながら、ウィリスさんは会議中です。
熟語-1199-be in an accident,熟語,1199,be in an accident,事故にあう,熟語,B,Ken was in a car accident when he was ten.,ケンは10歳のときに自動車事故にあいました。
熟語-1200-be in bed,熟語,1200,be in bed,寝ている,熟語,B,I was in bed with a cold yesterday.,きのう私はかぜで寝ていました。
熟語-1201-be in the hospital,熟語,1201,be in the hospital,入院している,熟語,B,Jim was in the hospital until Friday.,ジムは金曜日まで入院していました。
熟語-1202-be kind to ～,熟語,1202,be kind to ～,～に親切である,熟語,B,Every student in the class was kind to me.,クラスのどの生徒も私に親切でした。
熟語-1203-be known as ～,熟語,1203,be known as ～,～として知られている,熟語,B,This tower is known as the tallest building in Japan.,このタワーは日本でいちばん高い建物として知られています。
熟語-1204-be worried about ～,熟語,1204,be worried about ～,～のことを心配している,熟語,B,Our coach is worried about our next game.,私たちのコーチは次の試合のことを心配しています。
熟語-1205-break my promise,熟語,1205,break my promise,約束を破る,熟語,B,I never break my promise.,私は決して約束を破りません。
熟語-1206-by the end of ～,熟語,1206,by the end of ～,～の終わりまでに,熟語,B,I have to return this book to the library by the end of this month.,この本を今月の終わりまでに図書館に返さなくてはなりません。
熟語-1207-cut A into B,熟語,1207,cut A into B,AをBに切る,熟語,B,Cut these potatoes into small pieces.,このジャガイモを小さく切りなさい。
熟語-1208-cut A out of B,熟語,1208,cut A out of B,AをBから切り抜く,熟語,B,Lisa cut some pictures out of the magazine.,リサは数枚の写真を雑誌から切り抜きました。
熟語-1209-fall asleep,熟語,1209,fall asleep,眠る、寝入る,熟語,B,The baby fell asleep in the car.,赤ちゃんは車の中で眠ってしまいました。
熟語-1210-famous for ～,熟語,1210,famous for ～,～で有名で,熟語,B,She became famous for winning a gold medal in the Olympics.,彼女はオリンピックで金メダルをとったことで有名になりました。
熟語-1211-feel sick,熟語,1211,feel sick,気分が悪い,熟語,B,"Kathy felt sick, so she went home after lunch.",キャシーは気分が悪かったので、昼食後家に帰りました。
熟語-1212-first of all,熟語,1212,first of all,まず第一に,熟語,B,"First of all, let's wash these vegetables.",まず第一に、これらの野菜を洗いましょう。
熟語-1213-for hours,熟語,1213,for hours,何時間も,熟語,B,I waited for hours to see the famous painting.,その有名な絵画を見るために何時間も待ちました。
熟語-1214-get back,熟語,1214,get back,戻る,熟語,B,When did you get back?,あなたはいつ戻ったのですか。
熟語-1215-go ahead,熟語,1215,go ahead,どうぞ,熟語,B,Can I use this computer? — Sure. Go ahead.,このコンピューターを使ってもいいですか。—もちろんです。どうぞ。
熟語-1216-go riding,熟語,1216,go riding,乗馬に出かける,熟語,B,Mr. Jones went riding in the forest.,ジョーンズさんは森へ乗馬に出かけました。
熟語-1217-had better ～,熟語,1217,had better ～,～するほうがよい、～しなさい,熟語,B,You had better go to the doctor.,あなたは医者へ行ったほうがいいですよ。
熟語-1218-have a chance to ～,熟語,1218,have a chance to ～,～する機会がある,熟語,B,I had a chance to speak to Mr. Johnson.,ジョンソンさんと話す機会がありました。
熟語-1219-have an accident,熟語,1219,have an accident,事故にあう,熟語,B,Julie had an accident when she was riding her bike.,ジュリーは自転車に乗っていたとき、事故にあいました。
熟語-1220-have enough ... to ～,熟語,1220,have enough ... to ～,～するのに十分な…がある,熟語,B,We don't have enough eggs to make a cake.,私たちはケーキを作るのに十分な卵がありません。
熟語-1221-hear about ～,熟語,1221,hear about ～,～について聞く,熟語,B,Did you hear about Richard's car accident?,あなたはリチャードの自動車事故について聞きましたか。
熟語-1222-help me to ～,熟語,1222,help me to ～,私が～するのを手伝う,熟語,B,My father helped me to fix my bike.,父は私が自転車を直すのを手伝ってくれました。
熟語-1223-in nature,熟語,1223,in nature,自然の中で[の],熟語,B,"In Africa, you can see lions in nature.",アフリカでは、自然の中のライオンを見ることができます。
熟語-1224-in my opinion,熟語,1224,in my opinion,私の意見では,熟語,B,"In my opinion, we should change our plan.",私の意見では私たちは計画を変更すべきです。
熟語-1225-in trouble,熟語,1225,in trouble,困って,熟語,B,I'm in big trouble.,私はとても困っています。
熟語-1226-just in time,熟語,1226,just in time,ちょうど間に合って,熟語,B,Sandra got to the station just in time to catch the train.,サンドラは電車にちょうど間に合う時間に駅に着きました。
熟語-1227-keep using,熟語,1227,keep using,使い続ける,熟語,B,My father kept using the pen for twenty years.,父はそのペンを20年間使い続けました。
熟語-1228-make A from B,熟語,1228,make A from B,AをBから作る,熟語,B,This bread is made from rice.,このパンは米から作られています。
熟語-1229-make a speech,熟語,1229,make a speech,スピーチをする、演説をする,熟語,B,I made a speech about my summer vacation.,私は私の夏休みについてスピーチをしました。
熟語-1230-make money,熟語,1230,make money,金をかせぐ,熟語,B,Nancy is working at a restaurant to make money.,ナンシーはお金をかせぐためにレストランで働いています。
熟語-1231-more and more ～,熟語,1231,more and more ～,ますます多くの～,熟語,B,More and more people visit Japan.,ますます多くの人々が日本を訪れています。
熟語-1232-move around,熟語,1232,move around,動きまわる,熟語,B,Some animals only move around at night.,動物の中には夜だけ動きまわるものがいます。
"熟語-1233-one ～, the other ...",熟語,1233,"one ～, the other ...",一方は～、もう一方は…,熟語,B,"One boy liked soccer, and the other liked baseball.",一方の男の子はサッカーが好きで、もう一方の男の子は野球が好きでした。
熟語-1234-out of bed,熟語,1234,out of bed,ベッドから出て、起きて,熟語,B,John is not out of bed yet.,ジョンはまだ起きていません。
熟語-1235-raise your hand,熟語,1235,raise your hand,手をあげる,熟語,B,"If you have any questions, please raise your hand.",何か質問があれば、手をあげてください。
熟語-1236-right away,熟語,1236,right away,すぐに,熟語,B,I will bring the menu right away.,すぐにメニューをお持ちします。
熟語-1237-say goodbye to ～,熟語,1237,say goodbye to ～,～にさようならを言う,熟語,B,Cathy left Japan without saying goodbye to me.,キャシーは私にさようならを言わずに日本を発ちました。
熟語-1238-stop at ～,熟語,1238,stop at ～,～に立ち寄る,熟語,B,I stopped at the supermarket to buy some tomatoes.,トマトをいくつか買うためにスーパーマーケットに立ち寄りました。
熟語-1239-such a ～,熟語,1239,such a ～,とても～な,熟語,B,Mrs. Jones is such a wonderful teacher.,ジョーンズさんはとてもすばらしい先生です。
熟語-1240-take ～ for a walk,熟語,1240,take ～ for a walk,～を散歩に連れていく,熟語,B,Bob takes his dog for a walk every day.,ボブは毎日イヌを散歩に連れていきます。
熟語-1241-take out ～,熟語,1241,take out ～,～を連れ出す,熟語,B,My father took me out for dinner.,父は私を夕食に連れ出しました。
熟語-1242-take a ～ class,熟語,1242,take a ～ class,～の授業を受ける,熟語,B,I take a computer class on Monday.,私は月曜日にコンピューターの授業を受けています。
熟語-1243-take a walk,熟語,1243,take a walk,散歩する,熟語,B,Judy and I took a walk in the park.,ジュディと私は公園を散歩しました。
熟語-1244-write down ～,熟語,1244,write down ～,～を書きとめる,熟語,B,I wrote down Karen's phone number.,私はカレンの電話番号を書きとめました。
熟語-1245-big enough for ～,熟語,1245,big enough for ～,～に十分なほど大きい,熟語,B,This desk is big enough for my computer.,この机は私のコンピューターには十分なほど大きいです。
熟語-1246-a couple of ～,熟語,1246,a couple of ～,2、3の～,熟語,B,We need a couple of days to finish the work.,私たちはその仕事を終わらせるために2、3日必要です。
熟語-1247-agree with ～,熟語,1247,agree with ～,～に同意する,熟語,B,I agree with you.,私はあなたに同意します。
熟語-1248-all around ～,熟語,1248,all around ～,～中に[で],熟語,B,We saw many posters all around the town.,私たちは町中にたくさんのポスターを見ました。
熟語-1249-all day long,熟語,1249,all day long,一日中,熟語,B,Ben was busy all day long.,ベンは一日中忙しかった。
熟語-1250-all the time,熟語,1250,all the time,いつも,熟語,B,Paul wears the sneakers all the time.,ポールはいつもそのスニーカーをはいています。
熟語-1251-arrive at ～,熟語,1251,arrive at ～,～に着く,熟語,B,Alice arrived at the office before 10:00.,アリスは10時前にオフィスに着きました。
熟語-1252-as fast as they can,熟語,1252,as fast as they can,できるだけ速く,熟語,B,They ran as fast as they could.,彼らはできるだけ速く走りました。
熟語-1253-at one time,熟語,1253,at one time,一度で、いっぺんに,熟語,B,I cannot wash these clothes at one time.,これらの服をいっぺんには洗えません。
熟語-1254-be busy cooking,熟語,1254,be busy cooking,料理するのに忙しい,熟語,B,My mother is busy cooking in the kitchen.,母は台所で料理をするのに忙しいです。
熟語-1255-be filled with ～,熟語,1255,be filled with ～,～でいっぱいである,熟語,B,Eric's bag was filled with books.,エリックのかばんは本でいっぱいでした。
熟語-1256-be in a hurry,熟語,1256,be in a hurry,急いでいる,熟語,B,"We were in a hurry, so we took a taxi.",私たちは急いでいたので、タクシーに乗りました。
熟語-1257-be over,熟語,1257,be over,終わる,熟語,B,Our summer vacation is over now.,私たちの夏休みはもう終わりました。
熟語-1258-be proud of ～,熟語,1258,be proud of ～,～を誇りに思う,熟語,B,Alice is proud of her parents.,アリスは両親を誇りに思っています。
熟語-1259-be sick in bed,熟語,1259,be sick in bed,病気で寝ている,熟語,B,I have been sick in bed since yesterday.,私はきのうから病気で寝ています。
熟語-1260-be sure to ～,熟語,1260,be sure to ～,必ず～する,熟語,B,Be sure to close the window before you go to bed.,寝る前に必ず窓を閉めてください。
熟語-1261-be surprised at ～,熟語,1261,be surprised at ～,～に驚く,熟語,B,Sam was surprised at the price of the watch.,サムはその腕時計の値段に驚きました。
熟語-1262-be tired from ～,熟語,1262,be tired from ～,～で疲れる,熟語,B,Brenda was tired from working all day.,ブレンダは一日中仕事をして疲れました。
熟語-1263-be tired of ～,熟語,1263,be tired of ～,～にあきる、～にうんざりする,熟語,B,I was tired of watching TV dramas.,私はテレビドラマを見るのにあきました。
熟語-1264-belong to ～,熟語,1264,belong to ～,～に所属する,熟語,B,What club do you belong to?,あなたは何のクラブに所属していますか。
熟語-1265-both of ～,熟語,1265,both of ～,～の両方とも,熟語,B,Both of them have been to France.,彼らは2人ともフランスへ行ったことがあります。
熟語-1266-bring back ～,熟語,1266,bring back ～,～を返す,熟語,B,I'll bring your book back soon.,すぐにあなたの本をお返しします。
熟語-1267-by mail,熟語,1267,by mail,郵便で,熟語,B,David sent me these photos by mail.,デイビッドは私にこれらの写真を郵便で送ってくれました。
熟語-1268-by the way,熟語,1268,by the way,ところで,熟語,B,"By the way, my uncle came to Japan last week.",ところで、先週私のおじが日本へ来ました。
熟語-1269-change A into B,熟語,1269,change A into B,AをBに変える,熟語,B,They changed the old house into a restaurant.,彼らはその古い家をレストランに変えました。
熟語-1270-change trains,熟語,1270,change trains,電車を乗りかえる,熟語,B,We changed trains at Shibuya.,私たちは渋谷で電車を乗りかえました。
熟語-1271-come out,熟語,1271,come out,出てくる,熟語,B,The door opened and a man came out.,ドアが開いて、1人の男性が出てきました。
熟語-1272-cool down ～,熟語,1272,cool down ～,～を冷やす、～をすずしくする,熟語,B,This fan will cool you down.,この扇風機があなたをすずしくしてくれるでしょう。
熟語-1273-drive ～ home,熟語,1273,drive ～ home,～を車で家に送る,熟語,B,Helen's mother drove me home.,ヘレンのお母さんは私を車で家に送ってくれました。
熟語-1274-either A or B,熟語,1274,either A or B,AかBかどちらか,熟語,B,Either my brother or I will meet you at the station.,私の兄か私が駅であなたを出迎えるつもりです。
熟語-1275-exchange A for B,熟語,1275,exchange A for B,AをBと取りかえる,熟語,B,I want to exchange this sweater for a red one.,私はこのセーターを赤いのに取りかえたいです。
熟語-1276-fight with ～,熟語,1276,fight with ～,～と戦う、～とけんかする,熟語,B,Jim fought with his brother this morning.,ジムは今朝、弟とけんかをしました。
熟語-1277-fly away,熟語,1277,fly away,飛び去る,熟語,B,The bird flew away to the forest.,その鳥は森へ飛び去りました。
熟語-1278-for a ～ reason,熟語,1278,for a ～ reason,～の理由で,熟語,B,He bought that old car for a special reason.,彼はあの古い車を特別な理由で買いました。
熟語-1279-for example,熟語,1279,for example,例えば,熟語,B,"Some sports, for example, soccer and baseball, are popular in Japan.",例えばサッカーや野球といったスポーツは日本では人気があります。
熟語-1280-for life,熟語,1280,for life,一生、死ぬまで,熟語,B,They moved to Okinawa and lived there for life.,彼らは沖縄に引っ越し、そこで一生暮らしました。
熟語-1281-for now,熟語,1281,for now,今のところ、とりあえず,熟語,B,We don't need a new computer for now.,今のところ私たちは新しいコンピューターは必要ありません。
熟語-1282-for years,熟語,1282,for years,何年も,熟語,B,I haven't seen Mr. Jordan for years.,私はジョーダンさんに何年も会っていません。
熟語-1283-get dressed,熟語,1283,get dressed,（きちんとした）服を着る,熟語,B,Jane got dressed quickly and left home.,ジェーンは急いで服を着て出かけました。
熟語-1284-get into ～,熟語,1284,get into ～,（大学など）に入学する,熟語,B,Most of my friends will get into universities.,私の友だちのほとんどは大学に入学するでしょう。
熟語-1285-get lost,熟語,1285,get lost,迷子になる、道に迷う,熟語,B,Lucy often gets lost.,ルーシーはよく道に迷います。
熟語-1286-get on ～,熟語,1286,get on ～,（電車やバス）に乗る,熟語,B,"The train was crowded, so I couldn't get on it.",電車が混んでいたので、私は乗ることができませんでした。
熟語-1287-give you a hand,熟語,1287,give you a hand,あなたを手伝う,熟語,B,Maybe Tim will give you a hand.,ひょっとしたらティムがあなたを手伝ってくれるでしょう。
熟語-1288-give back ～,熟語,1288,give back ～,～を返す,熟語,B,I gave Becky's dictionary back to her.,私はベッキーの辞書を彼女に返しました。
熟語-1289-go abroad,熟語,1289,go abroad,外国へ行く,熟語,B,Many Japanese go abroad during summer vacation.,多くの日本人が、夏休みの間に外国へ行きます。
熟語-1290-go away,熟語,1290,go away,（休暇で）出かける,熟語,B,My family and I didn't go away last winter.,私の家族はこの前の冬は出かけませんでした。
熟語-1291-go down ～,熟語,1291,go down ～,～に沿って行く、～を行く,熟語,B,Go down this street and turn right at the first corner.,この通りに沿って行き、最初の角を右に曲がりなさい。
熟語-1292-go driving,熟語,1292,go driving,ドライブに行く,熟語,B,Emily wants to go driving now.,エミリーは今ドライブに行きたいと思っています。
熟語-1293-go on a picnic,熟語,1293,go on a picnic,ピクニックに行く,熟語,B,Peter and I are going on a picnic tomorrow.,ピーターと私は明日ピクニックに行くつもりです。
熟語-1294-go on holiday,熟語,1294,go on holiday,休暇で出かける,熟語,B,Amy is looking forward to going on holiday.,エイミーは休暇で出かけるのを楽しみにしています。
熟語-1295-go over to ～,熟語,1295,go over to ～,～のところに行く,熟語,B,A dog went over to the boy.,イヌが少年のところへ行きました。
熟語-1296-go running,熟語,1296,go running,ランニングに行く,熟語,B,Where did you go running this afternoon?,あなたは今日の午後どこにランニングに行きましたか。
熟語-1297-go sightseeing,熟語,1297,go sightseeing,観光に行く,熟語,B,We went sightseeing around Kyoto.,私たちは京都をあちこち観光に行きました。
熟語-1298-go to college,熟語,1298,go to college,大学に行く,熟語,B,Ms. Wilson went to college in New York.,ウィルソンさんはニューヨークの大学に行きました。
熟語-1299-go to sleep,熟語,1299,go to sleep,眠る、寝入る,熟語,B,I talked to Jake on the phone before I went to sleep.,寝る前に私はジェイクと電話で話しました。
熟語-1300-half an hour,熟語,1300,half an hour,30分,熟語,B,I will be back in half an hour.,ケイトは30分で戻ってくるでしょう。
熟語-1301-have back ～,熟語,1301,have back ～,～を取り戻す、～を返してもらう,熟語,B,Could I have my book back?,私の本を返してもらっていいでしょうか。
熟語-1302-hear of ～,熟語,1302,hear of ～,～のことを耳にする,熟語,B,I've never heard of the rock band.,私はそのロックバンドのことを聞いたことが一度もありません。
熟語-1303-hundreds of ～,熟語,1303,hundreds of ～,何百もの～,熟語,B,My father has hundreds of CDs.,父は何百ものCDを持っています。
熟語-1304-hurry to ～,熟語,1304,hurry to ～,～へ急ぐ,熟語,B,I hurried to the station to catch the last train.,最終電車に間に合うように駅へ急ぎました。
熟語-1305-in a ～ way,熟語,1305,in a ～ way,～の方法で,熟語,B,People cook fish in many ways.,人々は魚をいろいろな方法で調理します。
熟語-1306-in fact,熟語,1306,in fact,実は、実際は,熟語,B,"I've lived in Japan for one year. But in fact, I can only speak English.",私は1年間日本に住んでいます。しかし実際、英語しか話せません。
熟語-1307-in the middle of ～,熟語,1307,in the middle of ～,～の真ん中に,熟語,B,My father got home in the middle of the night.,父は夜中に帰ってきました。
熟語-1308-jump into ～,熟語,1308,jump into ～,～に飛びこむ,熟語,B,Tom jumped into the river to save the girl.,トムはその女の子を助けるために川に飛びこみました。
熟語-1309-keep in touch with ～,熟語,1309,keep in touch with ～,～と連絡を取り合う,熟語,B,I keep in touch with my Canadian friend by e-mail.,私はEメールでカナダ人の友だちと連絡を取り合っています。
熟語-1310-last time,熟語,1310,last time,この前のとき、前回,熟語,B,You made pizza for me last time.,この前あなたは私にピザを作ってくれました。
熟語-1311-leave a message,熟語,1311,leave a message,伝言を残す、伝言を頼む,熟語,B,Did George leave a message for me?,ジョージは私に伝言を残しましたか。
熟語-1312-leave for ～,熟語,1312,leave for ～,～へ出発する,熟語,B,Mr. Thompson is leaving for London tomorrow.,トンプソンさんは明日ロンドンへ出発します。
熟語-1313-less than ～,熟語,1313,less than ～,～未満の,熟語,B,I got this camera for less than 200 dollars.,私はこのカメラを200ドル未満で買いました。
熟語-1314-look after ～,熟語,1314,look after ～,～の世話をする,熟語,B,Ms. Smith looks after three dogs.,スミスさんは3匹のイヌの世話をしています。
熟語-1315-look around ～,熟語,1315,look around ～,～を見て回る,熟語,B,Sally wants to look around Tokyo.,サリーは東京を見て回りたいと思っています。
熟語-1316-lose my way,熟語,1316,lose my way,道に迷う,熟語,B,"I was trying to go to the City Hall, but I lost my way.",市役所へ行こうとしていましたが、道に迷ってしまいました。
熟語-1317-make A into B,熟語,1317,make A into B,AをBにする,熟語,B,He made a famous detective story into a movie.,彼は有名な推理小説を映画にしました。
熟語-1318-make a mistake,熟語,1318,make a mistake,間違える、間違いをする,熟語,B,Don't be afraid of making mistakes.,間違えることを恐れてはいけません。
熟語-1319-more popular than before,熟語,1319,more popular than before,以前よりも人気のある,熟語,B,"In Japan, basketball is more popular than before.",日本ではバスケットボールは以前よりも人気があります。
熟語-1320-more ～ than usual,熟語,1320,more ～ than usual,いつもより多くの～,熟語,B,Bob ate more breakfast than usual this morning.,ボブは今朝いつもより多くのパンを食べました。
熟語-1321-move away,熟語,1321,move away,去る,熟語,B,Mary moved away from Japan in July.,メアリーは7月に日本から去りました。
熟語-1322-no other ～,熟語,1322,no other ～,ほかの～はない,熟語,B,I knew the song. But no other students knew it.,私はその歌を知っていました。しかしほかの生徒はそれを知りませんでした。
熟語-1323-not only A but also B,熟語,1323,not only A but also B,AだけでなくBも,熟語,B,Janet speaks not only English but also Spanish.,ジャネットは英語だけでなくスペイン語も話します。
熟語-1324-on business,熟語,1324,on business,仕事で、商用で,熟語,B,Mr. Barton came to Tokyo on business.,バートンさんは仕事で東京へ来ました。
熟語-1325-on his farm,熟語,1325,on his farm,彼の農場で[に],熟語,B,I went to visit my uncle on his farm.,私は農場にいるおじを訪ねに行きました。
熟語-1326-on your right,熟語,1326,on your right,あなたの右手に,熟語,B,"Walk straight for a few minutes, and you will see the building on your right.",数分まっすぐ歩くとあなたの右手にその建物が見えますよ。
熟語-1327-on stage,熟語,1327,on stage,ステージ[舞台]に出て,熟語,B,There were three famous singers on stage.,3人の有名な歌手がステージに出ていました。
熟語-1328-on the top of ～,熟語,1328,on the top of ～,～のてっぺん[頂上]に,熟語,B,There is a flag on the top of the building.,その建物のてっぺんに旗があります。
熟語-1329-put together ～,熟語,1329,put together ～,～を寄せ集める,熟語,B,Ken put pieces of wood together to make a chair.,ケンはいすを作るために木片を寄せ集めました。
熟語-1330-remember visiting,熟語,1330,remember visiting,訪れたことを覚えている,熟語,B,I remember visiting Hokkaido five years ago.,5年前に北海道を訪れたことを覚えています。
熟語-1331-return home,熟語,1331,return home,帰郷する、帰省する,熟語,B,My sister is studying in France now. She'll return home next month.,私の妹は今フランスで勉強をしています。彼女は来月帰省するつもりです。
熟語-1332-share A with B,熟語,1332,share A with B,AをBと共有する,熟語,B,Mark shares a room with his brother Bill.,マークは弟のビルと部屋を共有しています。
熟語-1333-so scary that I cannot ～,熟語,1333,so scary that I cannot ～,とてもこわいので私は～できない,熟語,B,This story is so scary that I cannot read it anymore.,この物語はとてもこわいので私はこれ以上それを読むことができません。
熟語-1334-stay with ～,熟語,1334,stay with ～,～の家に泊まる,熟語,B,I'm going to stay with my uncle for a week.,私は1週間おじの家に泊まるつもりです。
熟語-1335-surf the Internet,熟語,1335,surf the Internet,インターネットを見て回る,熟語,B,Brian surfs the Internet for hours every day.,ブライアンは毎日何時間もインターネットを見て回ります。
熟語-1336-take off ～,熟語,1336,take off ～,～を脱ぐ,熟語,B,"It was getting warm, and I took off my coat.",暖かくなってきたので、私はコートを脱ぎました。
熟語-1337-take a break,熟語,1337,take a break,ひと休みする,熟語,B,Let's take a break.,ひと休みしましょう。
熟語-1338-take a look at ～,熟語,1338,take a look at ～,～をひと目見る,熟語,B,Can I take a look at your new watch?,あなたの新しい腕時計をちょっと見てもいいですか。
熟語-1339-talk to himself,熟語,1339,talk to himself,ひとりごとを言う,熟語,B,Ted often talks to himself at the office.,テッドはよく会社でひとりごとを言います。
熟語-1340-the other day,熟語,1340,the other day,先日,熟語,B,"The other day, I visited the museum for the first time.",先日、私は初めてその博物館を訪れました。
熟語-1341-throw away ～,熟語,1341,throw away ～,～を捨てる,熟語,B,John threw away his old magazines.,ジョンは古い雑誌を捨てました。
熟語-1342-try our best,熟語,1342,try our best,全力をつくす,熟語,B,We tried our best in the game.,私たちはその試合で全力をつくしました。
熟語-1343-turn on ～,熟語,1343,turn on ～,～のスイッチを入れる,熟語,B,Can you turn on the heater?,ヒーターのスイッチを入れてくれませんか。
熟語-1344-wake up ～,熟語,1344,wake up ～,～を起こす,熟語,B,My mother woke me up at 6:00 this morning.,母は今朝6時に私を起こしてくれました。
熟語-1345-walk along ～,熟語,1345,walk along ～,～に沿って歩く,熟語,B,Chris walked along the road to the stadium.,クリスはスタジアムまでその道路に沿って歩きました。
熟語-1346-walk around ～,熟語,1346,walk around ～,～を歩きまわる,熟語,B,I like walking around town.,私は町を歩きまわるのが好きです。
熟語-1347-walk out of ～,熟語,1347,walk out of ～,～から歩いて出る,熟語,B,Kevin walked out of the convenience store.,ケビンはコンビニエンスストアから歩いて出てきました。
熟語-1348-walk through ～,熟語,1348,walk through ～,～を通って歩く,熟語,B,Susan and I walked through the park.,スーザンと私は公園を通って歩きました。
熟語-1349-work on ～,熟語,1349,work on ～,～に取り組む,熟語,B,Linda is working on her report.,リンダはレポートに取り組んでいるところです。
熟語-1350-work well,熟語,1350,work well,調子よく動く、うまく機能する,熟語,B,My computer doesn't work very well.,私のコンピューターはあまり調子よく動きません。
会話表現-1351-Sure.,会話表現,1351,Sure.,いいですよ、もちろん,会話表現,,Can you help me? — Sure.,手伝ってくれますか。—もちろん。
会話表現-1352-Can you ～?,会話表現,1352,Can you ～?,～してくれますか。,会話表現,,Can you fix my bike?,ぼくの自転車を直してくれるかな。
会話表現-1353-How many ～?,会話表現,1353,How many ～?,いくつの～？,会話表現,,How many pages does this dictionary have?,この辞書は何ページあるんだい。
会話表現-1354-Excuse me.,会話表現,1354,Excuse me.,すみません。,会話表現,,Excuse me. Is this seat taken?,すみません。この席は誰かが座りますか。
会話表現-1355-How about ～?,会話表現,1355,How about ～?,～はどうですか。,会話表現,,How about playing tennis or reading at the library?,テニスをするか図書館で本を読むのはどう？
会話表現-1356-I hope ～.,会話表現,1356,I hope ～.,～だといいと思います。,会話表現,,I hope you like it.,気に入ってくれるといいけど。
会話表現-1357-How long ～?,会話表現,1357,How long ～?,どのくらい長く～,会話表現,,How long did Rick live in Japan?,リックはどのくらい長く日本に住んでいたの？
会話表現-1358-How is ～?,会話表現,1358,How is ～?,～はどうですか。,会話表現,,"How is dinner, Bob?",夕食はどう、ボブ？
会話表現-1359-See you ～.,会話表現,1359,See you ～.,じゃあ～。,会話表現,,OK. See you later.,わかった。じゃああとで。
会話表現-1360-Do you want to ～?,会話表現,1360,Do you want to ～?,～しませんか。,会話表現,,Do you want to watch a movie tonight?,今夜映画を見ないか。
会話表現-1361-Can I ～?,会話表現,1361,Can I ～?,～してもいいですか。,会話表現,,Can I try on this sweater?,このセーターを着てみてもいいですか。
会話表現-1362-That's fine.,会話表現,1362,That's fine.,いいですよ、かまいません。,会話表現,,That's fine.,いいですよ。
会話表現-1363-Thanks for ～.,会話表現,1363,Thanks for ～.,～をありがとう。,会話表現,,Thanks for lending it to me.,貸してくれてありがとう。
会話表現-1364-All right.,会話表現,1364,All right.,いいですよ、わかりました。,会話表現,,All right.,いいですよ。
会話表現-1365-Sounds good.,会話表現,1365,Sounds good.,いいね。,会話表現,,Sounds good.,いいね。
会話表現-1366-May I ～?,会話表現,1366,May I ～?,～してもいいですか。,会話表現,,May I see your passport?,パスポートを見せてもらっていいですか。
会話表現-1367-Could you ～?,会話表現,1367,Could you ～?,～してくださいますか。,会話表現,,Could you tell me how to get to the station?,駅への行き方を教えていただけますか。
会話表現-1368-How are you?,会話表現,1368,How are you?,元気ですか、調子はどうですか。,会話表現,,Hi. How are you?,やあ、元気？
会話表現-1369-Good luck.,会話表現,1369,Good luck.,幸運を祈る、がんばってね。,会話表現,,Good luck on your test.,テストがんばってね。
会話表現-1370-Welcome to ～.,会話表現,1370,Welcome to ～.,～へようこそ。,会話表現,,"Oh, welcome to our town.",ああ、私たちの町にようこそ。
会話表現-1371-I'm afraid ～.,会話表現,1371,I'm afraid ～.,（残念ながら）～ではないかと思います。,会話表現,,I'm afraid he is in a meeting.,あいにく会議中かと思います。
会話表現-1372-No problem.,会話表現,1372,No problem.,どういたしまして。,会話表現,,No problem.,どういたしまして。
会話表現-1373-Have a nice ～.,会話表現,1373,Have a nice ～.,よい～を。,会話表現,,Have a nice weekend.,よい週末を。
会話表現-1374-How often ～?,会話表現,1374,How often ～?,何回～、どのくらいの頻度で～,会話表現,,How often do you go to the gym?,ジムにはどのくらいの頻度で行くの？
会話表現-1375-I'd love to ～.,会話表現,1375,I'd love to ～.,ぜひ～したいです。,会話表現,,I'd love to eat tempura.,天ぷらがぜひ食べたいわ。
"会話表現-1376-Me, too.",会話表現,1376,"Me, too.",私もです。,会話表現,,"Me, too.",私も。
会話表現-1377-That's all.,会話表現,1377,That's all.,それだけです。,会話表現,,"No, that's all.",いいや、それだけです。
会話表現-1378-That's too bad.,会話表現,1378,That's too bad.,それはいけませんね、それは残念ですね。,会話表現,,That's too bad.,それはいけませんね。
会話表現-1379-Would you like to ～?,会話表現,1379,Would you like to ～?,～しませんか。,会話表現,,Would you like to go to a baseball game on Saturday?,土曜日に野球の試合に行きませんか。
会話表現-1380-Here you are.,会話表現,1380,Here you are.,はい、どうぞ。,会話表現,,Sure. Here you are.,ええ。はい、どうぞ。
会話表現-1381-I'm sure ～.,会話表現,1381,I'm sure ～.,きっと～と思います。,会話表現,,I'm sure he will.,きっとすると思うよ。
会話表現-1382-Why don't we ～?,会話表現,1382,Why don't we ～?,（いっしょに）～しませんか。,会話表現,,Why don't we go skiing this weekend?,この週末にスキーに行かないか。
会話表現-1383-Certainly.,会話表現,1383,Certainly.,承知しました。,会話表現,,Certainly.,承知しました。
会話表現-1384-Have fun.,会話表現,1384,Have fun.,楽しんでください。,会話表現,,Have fun.,楽しんでね。
会話表現-1385-I can't wait.,会話表現,1385,I can't wait.,待ちきれません。,会話表現,,"Yes, I can't wait.",ええ。待ちきれないわ。
会話表現-1386-I'm not sure.,会話表現,1386,I'm not sure.,わかりません。,会話表現,,I'm not sure.,さあ、わかりません。
会話表現-1387-May I help you?,会話表現,1387,May I help you?,いらっしゃいませ。何かお探しですか。,会話表現,,May I help you?,いらっしゃいませ。
会話表現-1388-My pleasure.,会話表現,1388,My pleasure.,どういたしまして。,会話表現,,My pleasure.,どういたしまして。
会話表現-1389-This is ～.,会話表現,1389,This is ～.,（電話で）～ですが。,会話表現,,"Hello, this is John. Is Lisa there?",もしもし、ジョンですが。リサはいますか。
会話表現-1390-Why not?,会話表現,1390,Why not?,どうして（～ないの）ですか。,会話表現,,Why not?,どうして（出かけられないの）？
会話表現-1391-Good idea.,会話表現,1391,Good idea.,いい考えですね。,会話表現,,Good idea.,いい考えね。
会話表現-1392-How do you know?,会話表現,1392,How do you know?,どうしてわかるのですか。,会話表現,,"Oh, how do you know?",ええ、どうしてわかる？
会話表現-1393-How do you like ～?,会話表現,1393,How do you like ～?,～はいかがですか。,会話表現,,How do you like your new bike?,その新しい自転車はどう？
会話表現-1394-Not yet.,会話表現,1394,Not yet.,まだです。,会話表現,,Not yet.,まだだよ。
会話表現-1395-What is it?,会話表現,1395,What is it?,どうしたのですか、何の用ですか。,会話表現,,"What is it, Tony?",どうしたの、トニー？
会話表現-1396-What's wrong?,会話表現,1396,What's wrong?,どうしたのですか。,会話表現,,You don't look well. What's wrong?,具合が悪そうね。どうしたの？
会話表現-1397-Congratulations.,会話表現,1397,Congratulations.,おめでとう。,会話表現,,Congratulations.,おめでとう。
会話表現-1398-Guess what?,会話表現,1398,Guess what?,どうなったと思いますか。,会話表現,,Guess what?,どうなったと思う？
会話表現-1399-Here it is.,会話表現,1399,Here it is.,はい、どうぞ。,会話表現,,"OK, here it is.",あなたのノートを見せてください。—はい、どうぞ。
会話表現-1400-How can I help you?,会話表現,1400,How can I help you?,いらっしゃいませ。どのようなご用でしょうか。,会話表現,,"Yes, how can I help you?",はい。いらっしゃいませ。どのようなご用でしょうか。
会話表現-1401-I agree.,会話表現,1401,I agree.,賛成です。,会話表現,,I agree.,賛成。
会話表現-1402-I'll be there.,会話表現,1402,I'll be there.,行きます。,会話表現,,"Yes, I'll be there.",ええ、行くわ。
会話表現-1403-What about ～?,会話表現,1403,What about ～?,～はどうですか。,会話表現,,"Well, what about Chinese food?",そうだな、中華料理はどう？
会話表現-1404-What happened?,会話表現,1404,What happened?,何があったのですか。,会話表現,,You were late for school today. What happened?,今日学校に遅刻したわね。何があったの？
会話表現-1405-What's the matter?,会話表現,1405,What's the matter?,どうしたのですか。,会話表現,,"What's the matter, Kathy?",どうしたの、キャシー？
会話表現-1406-Can I help you?,会話表現,1406,Can I help you?,いらっしゃいませ。何かお探しですか。,会話表現,,Can I help you?,いらっしゃいませ。
会話表現-1407-How far ～?,会話表現,1407,How far ～?,～はどのくらい遠くて,会話表現,,How far is your house from the station?,あなたの家は駅からどのくらい遠いのですか。
会話表現-1408-How old ～?,会話表現,1408,How old ～?,～は何歳,会話表現,,"How old are you, Charles?",歳はいくつ、チャールズ？
会話表現-1409-I'll be right back.,会話表現,1409,I'll be right back.,すぐに戻ります。,会話表現,,I'll be right back.,すぐに戻るわ。
会話表現-1410-I'll think about it.,会話表現,1410,I'll think about it.,考えておきます。,会話表現,,I'll think about it.,考えておくよ。
会話表現-1411-I'm afraid not.,会話表現,1411,I'm afraid not.,（残念ながら）そうではないようです。,会話表現,,I'm afraid not.,行けそうもないな。
会話表現-1412-Is ～ there?,会話表現,1412,Is ～ there?,～はいますか。,会話表現,,"Hello, this is Mike. Is John there?",もしもし、マイクです。ジョンはいますか。
会話表現-1413-Is it for here or to go?,会話表現,1413,Is it for here or to go?,こちらでお召し上がりですか、それともお持ち帰りですか。,会話表現,,Is it for here or to go?,こちらでお召し上がりですか、それともお持ち帰りですか。
会話表現-1414-Is this seat taken?,会話表現,1414,Is this seat taken?,この席は空いていますか。,会話表現,,Is this seat taken?,この席は誰か座りますか。
会話表現-1415-It's time for ～.,会話表現,1415,It's time for ～.,～の時間です。,会話表現,,"It's time for bed, Mark.",寝る時間よ、マーク。
会話表現-1416-It's your turn.,会話表現,1416,It's your turn.,あなたの番です。,会話表現,,"Now, it's your turn.",今度はきみの番だよ。
会話表現-1417-Maybe you're right.,会話表現,1417,Maybe you're right.,あなたが正しいのかもしれません。,会話表現,,Maybe you're right.,あなたが正しいのかもしれないわ。
会話表現-1418-Nice talking to you.,会話表現,1418,Nice talking to you.,話ができてよかったです。,会話表現,,"Me, too. Nice talking to you.",私も。話ができてよかったです。
会話表現-1419-Not really.,会話表現,1419,Not really.,そうでもありません。,会話表現,,Not really.,そうでもないよ。
"会話表現-1420-This way, please.",会話表現,1420,"This way, please.",こちらへどうぞ。,会話表現,,"This way, please.",こちらへどうぞ。
会話表現-1421-What do you think of ～?,会話表現,1421,What do you think of ～?,～をどう思いますか。,会話表現,,What do you think of this TV program?,このテレビ番組、どう思う？
会話表現-1422-What would you like?,会話表現,1422,What would you like?,何がほしいですか。,会話表現,,I'll make lunch for you. What would you like?,昼食を作るよ。何がいい？
会話表現-1423-You don't look well.,会話表現,1423,You don't look well.,具合が悪そうです。,会話表現,,"You don't look well, Ryan.",具合が悪そうね、ライアン。
"会話表現-1424-You, too.",会話表現,1424,"You, too.",あなたも。,会話表現,,"Thanks, Daniel. You, too.",ありがとう、ダニエル。あなたもね。
会話表現-1425-Are you OK?,会話表現,1425,Are you OK?,だいじょうぶですか。,会話表現,,Are you OK?,だいじょうぶ？
会話表現-1426-Get well soon.,会話表現,1426,Get well soon.,お大事に。,会話表現,,I'm sorry to hear that. Get well soon.,それは気の毒だね。お大事に。
会話表現-1427-Have a seat.,会話表現,1427,Have a seat.,（いすに）かけてください。,会話表現,,Sure. Have a seat.,もちろん。いすにかけて。
会話表現-1428-Help yourself.,会話表現,1428,Help yourself.,自由に召し上がってください。,会話表現,,Yes. Help yourself.,ええ。自由に召し上がってください。
会話表現-1429-Here's your change.,会話表現,1429,Here's your change.,おつりです。,会話表現,,"Here's your change, 40 yen.",おつり、40円です。
会話表現-1430-I hope not.,会話表現,1430,I hope not.,そうでなければいいのですが。,会話表現,,I hope not.,そうじゃなきゃいいけど。
会話表現-1431-I'm a stranger here.,会話表現,1431,I'm a stranger here.,私はこのあたりはあまり知りません。,会話表現,,Sorry. I'm a stranger here.,ごめんなさい。このあたりはあまり知らないんです。
会話表現-1432-I'm all right.,会話表現,1432,I'm all right.,だいじょうぶです。,会話表現,,"No, I'm all right.",いや、だいじょうぶだよ。
会話表現-1433-I'm coming.,会話表現,1433,I'm coming.,すぐ行きます。,会話表現,,"I'm coming, Mom.",すぐ行くよ、お母さん。
会話表現-1434-I'm sorry about ～.,会話表現,1434,I'm sorry about ～.,～のことは残念［気の毒］です。,会話表現,,I'm sorry about that.,それはお気の毒に。
会話表現-1435-Is ～ home?,会話表現,1435,Is ～ home?,～は在宅ですか。,会話表現,,Is your father home?,お父さんは在宅ですか。
会話表現-1436-Is something the matter?,会話表現,1436,Is something the matter?,何かあったのですか。,会話表現,,You look so gloomy. Is something the matter?,悲しそうだね、ジュディ。何かあった？
会話表現-1437-Is something wrong?,会話表現,1437,Is something wrong?,どうかしましたか。,会話表現,,Is something wrong?,どうかしましたか。
会話表現-1438-It's time to ～.,会話表現,1438,It's time to ～.,～する時間です。,会話表現,,"It's time to get up, Peter.",起きる時間だよ、ピーター。
会話表現-1439-Just a minute.,会話表現,1439,Just a minute.,ちょっと待ってください。,会話表現,,Just a minute. I'll check my schedule.,ちょっと待ってください。スケジュールをチェックします。
会話表現-1440-May I speak to ～?,会話表現,1440,May I speak to ～?,～さんをお願いします。,会話表現,,May I speak to Jane?,ジェーンをお願いします。
会話表現-1441-Maybe next time.,会話表現,1441,Maybe next time.,また次の機会にでも、また今度。,会話表現,,Maybe next time.,また今度ね。
"会話表現-1442-Me, neither.",会話表現,1442,"Me, neither.",私も（～ではない）です。,会話表現,,"Me, neither.",私もです。
会話表現-1443-Nice to see you.,会話表現,1443,Nice to see you.,会えてうれしいです。,会話表現,,Nice to see you.,会えてうれしいわ。
会話表現-1444-Not at all.,会話表現,1444,Not at all.,どういたしまして。,会話表現,,Not at all.,どういたしまして。
会話表現-1445-Probably not.,会話表現,1445,Probably not.,おそらくしません。,会話表現,,Probably not.,たぶん行かないわ。
"会話表現-1446-Table for ～, please.",会話表現,1446,"Table for ～, please.",～人席をお願いします。,会話表現,,"Table for two, please.",2人席をお願いします。
会話表現-1447-Take care.,会話表現,1447,Take care.,じゃあね。元気でね。,会話表現,,"Take care, Laura. See you next week.",じゃあね、ローラ。また来週。
会話表現-1448-What do you want me to do?,会話表現,1448,What do you want me to do?,私は何をしたらいいですか。,会話表現,,What do you want me to do?,何をしたらいい？
会話表現-1449-What for?,会話表現,1449,What for?,何のためですか。,会話表現,,What for?,何のため？
会話表現-1450-What size would you like?,会話表現,1450,What size would you like?,どのサイズがいいですか。,会話表現,,What size would you like?,どのサイズがいい？
会話表現-1451-What's the problem?,会話表現,1451,What's the problem?,どうしたのですか。,会話表現,,"Yes, what's the problem?",ええ、どうしたのですか。
会話表現-1452-Why don't you ～?,会話表現,1452,Why don't you ～?,～しませんか。、～してはどうですか。,会話表現,,Why don't you ask Mike for his advice?,マイクにアドバイスをもらってみたら？
会話表現-1453-Will you pass me ～?,会話表現,1453,Will you pass me ～?,～を取ってくれますか。,会話表現,,"Will you pass me the sugar, please?",砂糖を取ってもらえますか。
"会話表現-1454-Yes, please.",会話表現,1454,"Yes, please.",はい、お願いします。,会話表現,,"Yes, please.",はい、お願いします。
会話表現-1455-You don't need to.,会話表現,1455,You don't need to.,そうする必要はありません。,会話表現,,You don't need to. I'll lend it to you.,そうする必要はないよ。貸してあげるから。
会話表現-1456-You're welcome.,会話表現,1456,You're welcome.,どういたしまして。,会話表現,,You're welcome.,どういたしまして。
会話表現-1457-Are you ready?,会話表現,1457,Are you ready?,用意ができていますか。,会話表現,,"Are you ready, Tom?",トム、用意はできてる？
"会話表現-1458-Attention, ～.",会話表現,1458,"Attention, ～.",～にお知らせします。,会話表現,,"Attention, shoppers. Today, all shoes are half price.",お客様にお知らせします。本日はすべてのくつが半額です。
会話表現-1459-Don't worry.,会話表現,1459,Don't worry.,心配しないでください。,会話表現,,Don't worry. I'll teach you.,心配しないで。私が教えるわ。
会話表現-1460-How exciting!,会話表現,1460,How exciting!,なんてわくわくするんでしょう。,会話表現,,Yes. How exciting!,ああ。なんてわくわくするんだろう。
会話表現-1461-How was the weather ～?,会話表現,1461,How was the weather ～?,～の天気はどうでしたか。,会話表現,,How was the weather in Osaka on Saturday?,土曜日の大阪の天気はどうでしたか。
会話表現-1462-How's ～ going?,会話表現,1462,How's ～ going?,～はどうですか。,会話表現,,How's your work going?,仕事はどうだい。
会話表現-1463-I don't think so.,会話表現,1463,I don't think so.,私はそうは思いません。,会話表現,,I don't think so.,そうは思わないけどな。
会話表現-1464-I had a good time.,会話表現,1464,I had a good time.,楽しい時を過ごしました。,会話表現,,"Yes, I had a good time.",うん、楽しい時を過ごしました。
会話表現-1465-I hope so.,会話表現,1465,I hope so.,そうだといいですね。,会話表現,,I hope so.,そうだといいね。
会話表現-1466-I see.,会話表現,1466,I see.,わかりました。、なるほど。,会話表現,,I see.,なるほど。
会話表現-1467-I think so.,会話表現,1467,I think so.,そう思います。,会話表現,,I think so.,そう思うよ。
会話表現-1468-I'll take it.,会話表現,1468,I'll take it.,それをください。,会話表現,,I'll take it.,それをください。
会話表現-1469-I'm full.,会話表現,1469,I'm full.,おなかがいっぱいです。,会話表現,,"No, thank you. I'm full.",いいえ、けっこうです。おなかがいっぱいです。
会話表現-1470-I'm looking for ～.,会話表現,1470,I'm looking for ～.,私は～を探しています。,会話表現,,I'm looking for a tennis racket.,テニスのラケットを探しているのですが。
会話表現-1471-It's been a long time.,会話表現,1471,It's been a long time.,久しぶりですね。,会話表現,,"It's been a long time, George.",久しぶりね、ジョージ。
会話表現-1472-It's for you.,会話表現,1472,It's for you.,あなたに電話です。,会話表現,,"Just a minute. It's for you, Fred.",ちょっと待って。きみに電話だよ、フレッド。
会話表現-1473-I've never been ～.,会話表現,1473,I've never been ～.,私は～に一度も行ったことはありません。,会話表現,,No. I've never been there.,いいえ。そこには一度も行ったことはありません。
会話表現-1474-Let me see.,会話表現,1474,Let me see.,ええと。,会話表現,,"Let me see. Yes, I am.",ええと。はい、ひまです。
会話表現-1475-One ticket for ～.,会話表現,1475,One ticket for ～.,～のチケットを1枚ください。,会話表現,,"One ticket for the seven o'clock show, please.",7時のショーのチケットを1枚ください。
会話表現-1476-Same to you.,会話表現,1476,Same to you.,あなたもね。,会話表現,,Same to you.,あなたもね。
会話表現-1477-Shall we ～?,会話表現,1477,Shall we ～?,～しましょうか。,会話表現,,Shall we go to the coffee shop near the station?,駅の近くのコーヒーショップに行きましょうか。
会話表現-1478-That's a good idea.,会話表現,1478,That's a good idea.,それはいい考えです。,会話表現,,That's a good idea.,それはいい考えだね。
会話表現-1479-That's terrible.,会話表現,1479,That's terrible.,それはひどいですね。,会話表現,,That's terrible.,それはひどいね。
会話表現-1480-That's very kind of you.,会話表現,1480,That's very kind of you.,どうもご親切に。,会話表現,,That's very kind of you.,どうもご親切に。
